1. D Mayers vs Fischer;;1-0;17;1953;Blitz game;C33 King's Gambit Accepted
2. J Altusky vs Fischer;;0-1;8;1954;Offhand game;C71 Ruy Lopez
3. Fischer vs J Altusky;;1-0;12;1954;Offhand game;E90 King's Indian
4. A W Conger vs Fischer;;1-0;12;1955;corr;E70 King's Indian
5. Fischer vs S Greene;;½-½;11;1955;US Amateur Ch;B77 Sicilian, Dragon, Yugoslav Attack
6. A Humphrey vs Fischer;;½-½;33;1955;US Amateur Ch;E61 King's Indian
7. Fischer vs K Warner;;0-1;28;1955;Lincoln ch-US jr;B58 Sicilian
8. W Whisler vs Fischer;;½-½;25;1955;Lincoln ch-US jr;E80 King's Indian, Samisch Variation
9. J Thomason vs Fischer;;0-1;23;1955;Lincoln ch-US jr;E90 King's Indian
10. Fischer vs D Ames;;½-½;28;1955;Lincoln ch-US jr;C47 Four Knights
11. Fischer vs V Pupols;;0-1;44;1955;Lincoln ch-US jr;C40 King's Knight Opening
12. Fischer vs F Saksena;;1-0;22;1955;Lincoln ch-US jr;C53 Giuoco Piano
13. Fischer vs M Pavey;;0-1;52;1956;Manhattan CC ch;A07 King's Indian Attack
14. J Tamargo vs Fischer;;0-1;40;1956;Manhattan CC ch;B22 Sicilian, Alapin
15. A Turner vs Fischer;;1-0;53;1956;Manhattan Chess Club Semifinal B;E68 King's Indian, Fianchetto, Classical Variation, 8.e4
16. Fischer vs K Vine;;½-½;36;1956;Manhattan Chess Club Semifinal B;B32 Sicilian
17. Fischer vs S Baron;;1-0;53;1956;Manhattan Chess Club Semifinal B;C98 Ruy Lopez, Closed, Chigorin
18. Pat Smith vs Fischer;;0-1;23;1956;Casual game;C48 Four Knights
19. Fischer vs I Spector;;1-0;35;1956;Casual game;B95 Sicilian, Najdorf, 6...e6
20. J R Florido vs Fischer;;0-1;26;1956;Capablanca CC - Log Cabin m;C50 Giuoco Piano
21. Fischer vs J A Casado;;½-½;48;1956;Simul, 12b;B32 Sicilian
22. A Jenkins vs Fischer;;0-1;18;1956;North Carolina - Log Cabin CC m;B20 Sicilian
23. Fischer vs J F Bacardi;;1-0;28;1956;US Amateur ch;A04 Reti Opening
24. Fischer vs E Nash;;0-1;51;1956;US Amateur ch;A05 Reti Opening
25. R Riegler vs Fischer;;0-1;34;1956;US Amateur ch;B20 Sicilian
26. C Grossguth vs Fischer;;0-1;29;1956;US Junior ch;B92 Sicilian, Najdorf, Opocensky Variation
27. W Whisler vs Fischer;;0-1;28;1956;US Junior ch;E87 King's Indian, Samisch, Orthodox
28. K Blake vs Fischer;;0-1;20;1956;US Junior ch;B59 Sicilian, Boleslavsky Variation, 7.Nb3
29. A M Swank vs Fischer;;0-1;43;1956;57th US Open;B20 Sicilian
30. Fischer vs H Gross;;½-½;17;1956;57th US Open;A04 Reti Opening
31. C F Tears vs Fischer;;½-½;45;1956;57th US Open;B25 Sicilian, Closed
32. Fischer vs P Lapiken;;1-0;19;1956;57th US Open;A04 Reti Opening
33. B E Owens vs Fischer;;½-½;43;1956;57th US Open;E68 King's Indian, Fianchetto, Classical Variation, 8.e4
34. Fischer vs Santasiere;;½-½;19;1956;57th US Open;A06 Reti Opening
35. K Smith vs Fischer;;½-½;51;1956;57th US Open;B95 Sicilian, Najdorf, 6...e6
36. Fischer vs W Stevens;;½-½;20;1956;57th US Open;C82 Ruy Lopez, Open
37. D Ruth vs Fischer;;0-1;24;1956;57th US Open;B92 Sicilian, Najdorf, Opocensky Variation
38. Fischer vs O Popovych;;1-0;52;1956;57th US Open;A07 King's Indian Attack
39. Fischer vs S Popel;;½-½;38;1956;57th US Open;A07 King's Indian Attack
40. J F Donovan vs Fischer;;0-1;40;1956;57th US Open;E94 King's Indian, Orthodox
41. R Sobel vs Fischer;;1-0;27;1956;Canadian Open;A49 King's Indian, Fianchetto without c4
42. Fischer vs M Fox;;0-1;62;1956;Canadian Open;A07 King's Indian Attack
43. W Walz vs Fischer;;0-1;40;1956;Canadian Open;B25 Sicilian, Closed
44. Fischer vs H Matthai;;½-½;108;1956;Canadian Open;B77 Sicilian, Dragon, Yugoslav Attack
45. Fischer vs C Sharp;;1-0;33;1956;Canadian Open;C78 Ruy Lopez
46. S Bernstein vs Fischer;;0-1;33;1956;Canadian Open;D02 Queen's Pawn Game
47. F R Anderson vs Fischer;;½-½;19;1956;Canadian Open;B93 Sicilian, Najdorf, 6.f4
48. Bisguier vs Fischer;;1-0;33;1956;Third Rosenwald Trophy;E78 King's Indian, Four Pawns Attack, with Be2 and Nf3
49. A Turner vs Fischer;;1-0;50;1956;Third Rosenwald Trophy;E63 King's Indian, Fianchetto, Panno Variation
50. Fischer vs S Bernstein;;½-½;56;1956;Third Rosenwald Trophy;C70 Ruy Lopez
51. A Feuerstein vs Fischer;;½-½;31;1956;Third Rosenwald Trophy;E63 King's Indian, Fianchetto, Panno Variation
52. Fischer vs H Seidman;;1-0;39;1956;Third Rosenwald Trophy;A07 King's Indian Attack
53. Reshevsky vs Fischer;;1-0;31;1956;Third Rosenwald Trophy;E63 King's Indian, Fianchetto, Panno Variation
54. Fischer vs Mednis;;½-½;40;1956;Third Rosenwald Trophy;B76 Sicilian, Dragon, Yugoslav Attack
55. D Byrne vs Fischer;;0-1;41;1956;Third Rosenwald Trophy;D92 Grunfeld, 5.Bf4
56. Fischer vs M Pavey;;½-½;35;1956;Third Rosenwald Trophy;B45 Sicilian, Taimanov
57. Shainswit vs Fischer;;½-½;27;1956;Third Rosenwald Trophy;E67 King's Indian, Fianchetto
58. Fischer vs E Hearst;;0-1;40;1956;Third Rosenwald Trophy;C64 Ruy Lopez, Classical
59. H Goldhamer vs Fischer;;0-1;25;1956;Eastern States Open;B92 Sicilian, Najdorf, Opocensky Variation
60. E Nash vs Fischer;;0-1;48;1956;Eastern States Open;B95 Sicilian, Najdorf, 6...e6
61. E Marchand vs Fischer;;0-1;55;1956;Eastern States Open;A15 English
62. Fischer vs N Hurttlen;;½-½;14;1956;Eastern States Open;C84 Ruy Lopez, Closed
63. Fischer vs A Di Camillo;;1-0;41;1956;Eastern States Open;C78 Ruy Lopez
64. A Feuerstein vs Fischer;;½-½;22;1956;Eastern States Open;E67 King's Indian, Fianchetto
65. J W Collins vs Fischer;;½-½;40;1957;Training Game;B98 Sicilian, Najdorf
66. C Gardner vs Fischer;;0-1;39;1957;Milwaukee Central;A49 King's Indian, Fianchetto without c4
67. Fischer vs D Byrne;;0-1;27;1957;Manhattan CC rapid t;B32 Sicilian
68. H Avram vs Fischer;;1-0;43;1957;West Orange Open;E80 King's Indian, Samisch Variation
69. Fischer vs J Goldsmith;;1-0;44;1957;West Orange Open;C41 Philidor Defense
70. Santasiere vs Fischer;;1-0;42;1957;West Orange Open;E67 King's Indian, Fianchetto
71. Euwe vs Fischer;;1-0;20;1957;Euwe - Fischer m;D35 Queen's Gambit Declined
72. Fischer vs Euwe;;½-½;41;1957;Euwe - Fischer m;C83 Ruy Lopez, Open
73. J Sherwin vs Fischer;;1-0;41;1957;West Orange 50-50;E87 King's Indian, Samisch, Orthodox
74. Fischer vs A Saidy;;½-½;46;1957;West Orange 50-50;B56 Sicilian
75. A Feuerstein vs Fischer;;½-½;50;1957;West Orange 50-50;E64 King's Indian, Fianchetto, Yugoslav System
76. N Hurttlen vs Fischer;;0-1;25;1957;West Orange 50-50;A02 Bird's Opening
77. E Hearst vs Fischer;;0-1;59;1957;New York tt;B93 Sicilian, Najdorf, 6.f4
78. Reshevsky vs Fischer;;0-1;42;1957;Blindfold simul, 10b;E91 King's Indian
79. R Thacker vs Fischer;;0-1;32;1957;US Junior Open;B50 Sicilian
80. M Bredoff vs Fischer;;0-1;29;1957;US Junior Open;B92 Sicilian, Najdorf, Opocensky Variation
81. Fischer vs R W Walker;;1-0;20;1957;US Junior Open;C70 Ruy Lopez
82. Fischer vs S Sholomson;;1-0;30;1957;US Junior Open;B08 Pirc, Classical
83. A Schoene vs Fischer;;0-1;32;1957;US Junior Open;E70 King's Indian
84. Fischer vs W C Haines;;1-0;38;1957;US Junior Open;C97 Ruy Lopez, Closed, Chigorin
85. Fischer vs R E Fauber;;1-0;30;1957;New Western Open;A07 King's Indian Attack
86. A Elo vs Fischer;;0-1;49;1957;New Western Open;B93 Sicilian, Najdorf, 6.f4
87. M Otteson vs Fischer;;1-0;49;1957;New Western Open;A05 Reti Opening
88. Fischer vs W H Donnelly;;1-0;31;1957;New Western Open;C87 Ruy Lopez
89. M Surgies vs Fischer;;0-1;30;1957;New Western Open;E60 King's Indian Defense
90. Fischer vs N Kampars;;½-½;37;1957;New Western Open;B11 Caro-Kann, Two Knights, 3...Bg4
91. E Marchand vs Fischer;;0-1;49;1957;New Western Open;A15 English
92. Fischer vs J Bennett;;1-0;40;1957;US Junior Open;B60 Sicilian, Richter-Rauzer
93. G Ramirez vs Fischer;;½-½;25;1957;US Junior Open;E67 King's Indian, Fianchetto
94. L Hill vs Fischer;;0-1;21;1957;US Junior Open;B92 Sicilian, Najdorf, Opocensky Variation
95. Fischer vs E Stepans;;1-0;25;1957;58th US Open;B77 Sicilian, Dragon, Yugoslav Attack
96. R Pitschak vs Fischer;;½-½;41;1957;58th US Open;A16 English
97. Fischer vs J Rinaldo;;1-0;30;1957;58th US Open;C97 Ruy Lopez, Closed, Chigorin
98. Bisguier vs Fischer;;½-½;33;1957;58th US Open;B92 Sicilian, Najdorf, Opocensky Variation
99. Fischer vs C Witte;;1-0;44;1957;58th US Open;B90 Sicilian, Najdorf
100. I Garais vs Fischer;;0-1;21;1957;58th US Open;B91 Sicilian, Najdorf, Zagreb (Fianchetto) Variation
101. Fischer vs Mednis;;1-0;50;1957;58th US Open;A07 King's Indian Attack
102. D Byrne vs Fischer;;0-1;41;1957;58th US Open;A15 English
103. R Byrne vs Fischer;;½-½;50;1957;58th US Open;E62 King's Indian, Fianchetto
104. Fischer vs W Addison;;1-0;36;1957;58th US Open;B10 Caro-Kann
105. Fischer vs W Shipman;;½-½;18;1957;58th US Open;C92 Ruy Lopez, Closed
106. M Saltzberg vs Fischer;;0-1;41;1957;New Jersey Open;E67 King's Indian, Fianchetto
107. Fischer vs M Green;;1-0;58;1957;New Jersey Open;A07 King's Indian Attack
108. A Mengarini vs Fischer;;½-½;32;1957;New Jersey Open;E61 King's Indian
109. Fischer vs R Cardoso;;1-0;32;1957;Fischer - Cardoso;A07 King's Indian Attack
110. R Cardoso vs Fischer;;½-½;56;1957;Fischer - Cardoso;B91 Sicilian, Najdorf, Zagreb (Fianchetto) Variation
111. Fischer vs R Cardoso;;½-½;46;1957;Fischer - Cardoso;B90 Sicilian, Najdorf
112. Fischer vs R Cardoso;;1-0;46;1957;Fischer - Cardoso;B90 Sicilian, Najdorf
113. R Sobel vs Fischer;;0-1;49;1957;New Jersey Open;A04 Reti Opening
114. Fischer vs A Di Camillo;;1-0;49;1957;New Jersey Open;A07 King's Indian Attack
115. Fischer vs J Sherwin;;1-0;33;1957;New Jersey Open;A07 King's Indian Attack
116. Fischer vs A Saidy;;1-0;26;1957;New Jersey Open;B56 Sicilian
117. R Cardoso vs Fischer;;0-1;52;1957;Fischer - Cardoso;B98 Sicilian, Najdorf
118. Fischer vs R Cardoso;;1-0;31;1957;Fischer - Cardoso;B90 Sicilian, Najdorf
119. J W Collins vs Fischer;;0-1;30;1957;Training Game;B25 Sicilian, Closed
120. R Cardoso vs Fischer;;1-0;40;1957;Fischer - Cardoso;B91 Sicilian, Najdorf, Zagreb (Fianchetto) Variation
121. R Cardoso vs Fischer;;0-1;36;1957;Fischer - Cardoso;B55 Sicilian, Prins Variation, Venice Attack
122. Fischer vs A Sandrin;;1-0;43;1957;North Central Open;A07 King's Indian Attack
123. E W Buerger vs Fischer;;0-1;28;1957;North Central Open;E86 King's Indian, Samisch, Orthodox, 7.Nge2 c6
124. Fischer vs T Weinberger;;1-0;35;1957;North Central Open;B77 Sicilian, Dragon, Yugoslav Attack
125. Fischer vs M Harrow;;½-½;40;1957;North Central Open;A07 King's Indian Attack
126. Fischer vs M Harrow;;½-½;40;1957;North Central Open;A07 King's Indian Attack
127. Fischer vs A Feuerstein;;1-0;44;1957;United States Championship 1957/58;A07 King's Indian Attack
128. H Seidman vs Fischer;;½-½;28;1957;United States Championship 1957/58;B98 Sicilian, Najdorf
129. Fischer vs Reshevsky;;½-½;57;1957;United States Championship 1957/58;B41 Sicilian, Kan
130. S Bernstein vs Fischer;;0-1;44;1957;United States Championship 1957/58;B99 Sicilian, Najdorf, 7...Be7 Main line
131. Fischer vs Bisguier;;1-0;41;1957;United States Championship 1957/58;C16 French, Winawer
132. H Berliner vs Fischer;;½-½;57;1957;United States Championship 1957/58;E89 King's Indian, Samisch, Orthodox Main line
133. Fischer vs J Sherwin;;1-0;36;1957;United States Championship 1957/58;B90 Sicilian, Najdorf
134. G Kramer vs Fischer;;0-1;32;1957;United States Championship 1957/58;A07 King's Indian Attack
135. Fischer vs Mednis;;1-0;39;1957;United States Championship 1957/58;B07 Pirc
136. Lombardy vs Fischer;;0-1;53;1958;United States Championship 1957/58;E60 King's Indian Defense
137. Fischer vs A Di Camillo;;1-0;69;1958;United States Championship 1957/58;D02 Queen's Pawn Game
138. Denker vs Fischer;;½-½;49;1958;United States Championship 1957/58;E60 King's Indian Defense
139. Fischer vs A Turner;;½-½;18;1958;United States Championship 1957/58;A07 King's Indian Attack
140. Fischer vs W Harris;;½-½;47;1958;Simul, 13b;C21 Center Game
141. Fischer vs J W Collins;;0-1;64;1958;Training game;C75 Ruy Lopez, Modern Steinitz Defense
142. A Saidy vs Fischer;;0-1;30;1958;Training game;E80 King's Indian, Samisch Variation
143. Matulovic vs Fischer;;1-0;41;1958;Match;E80 King's Indian, Samisch Variation
144. Janosevic vs Fischer;;½-½;40;1958;Match;B95 Sicilian, Najdorf, 6...e6
145. Fischer vs Janosevic;;½-½;37;1958;Match;C96 Ruy Lopez, Closed
146. Fischer vs O Neikirch;;½-½;16;1958;Portoroz Interzonal;C67 Ruy Lopez
147. G Fuster vs Fischer;;0-1;36;1958;Portoroz Interzonal;E86 King's Indian, Samisch, Orthodox, 7.Nge2 c6
148. Fischer vs H Rossetto;;½-½;73;1958;Portoroz Interzonal;C99 Ruy Lopez, Closed, Chigorin, 12...cd
149. Benko vs Fischer;;1-0;41;1958;Portoroz Interzonal;E80 King's Indian, Samisch Variation
150. Fischer vs Bronstein;;½-½;62;1958;Portoroz Interzonal;C92 Ruy Lopez, Closed
151. Averbakh vs Fischer;;½-½;21;1958;Portoroz Interzonal;E73 King's Indian
152. Fischer vs Larsen;;1-0;31;1958;Portoroz Interzonal;B77 Sicilian, Dragon, Yugoslav Attack
153. R Sanguineti vs Fischer;;0-1;25;1958;Portoroz Interzonal;B93 Sicilian, Najdorf, 6.f4
154. Fischer vs Panno;;½-½;21;1958;Portoroz Interzonal;B32 Sicilian
155. F Olafsson vs Fischer;;1-0;44;1958;Portoroz Interzonal;D38 Queen's Gambit Declined, Ragozin Variation
156. Fischer vs Tal;;½-½;41;1958;Portoroz Interzonal;C92 Ruy Lopez, Closed
157. Petrosian vs Fischer;;½-½;67;1958;Portoroz Interzonal;A16 English
158. Fischer vs J Sherwin;;1-0;90;1958;Portoroz Interzonal;C92 Ruy Lopez, Closed
159. B De Greiff vs Fischer;;0-1;35;1958;Portoroz Interzonal;B93 Sicilian, Najdorf, 6.f4
160. Fischer vs Szabo;;½-½;33;1958;Portoroz Interzonal;C84 Ruy Lopez, Closed
161. Pachman vs Fischer;;½-½;24;1958;Portoroz Interzonal;E80 King's Indian, Samisch Variation
162. Fischer vs A Matanovic;;½-½;36;1958;Portoroz Interzonal;C97 Ruy Lopez, Closed, Chigorin
163. Filip vs Fischer;;½-½;17;1958;Portoroz Interzonal;A05 Reti Opening
164. Fischer vs R Cardoso;;1-0;62;1958;Portoroz Interzonal;B10 Caro-Kann
165. Gligoric vs Fischer;;½-½;32;1958;Portoroz Interzonal;B98 Sicilian, Najdorf
166. Fischer vs Reshevsky;;1-0;42;1958;United States Championship 1958/59;B32 Sicilian
167. J Sherwin vs Fischer;;0-1;72;1958;United States Championship 1958/59;E94 King's Indian, Orthodox
168. Benko vs Fischer;;½-½;29;1958;United States Championship 1958/59;E60 King's Indian Defense
169. Fischer vs R Weinstein;;1-0;58;1958;United States Championship 1958/59;B88 Sicilian, Fischer-Sozin Attack
170. Lombardy vs Fischer;;½-½;47;1958;United States Championship 1958/59;B90 Sicilian, Najdorf
171. Fischer vs C Kalme;;1-0;57;1958;United States Championship 1958/59;C98 Ruy Lopez, Closed, Chigorin
172. D Byrne vs Fischer;;½-½;48;1958;United States Championship 1958/59;A16 English
173. Fischer vs Evans;;½-½;27;1958;United States Championship 1958/59;B90 Sicilian, Najdorf
174. Mednis vs Fischer;;0-1;37;1958;United States Championship 1958/59;A07 King's Indian Attack
175. Fischer vs NN;;1-0;13;1959;?;B56 Sicilian
176. Fischer vs Bisguier;;1-0;86;1959;United States Championship 1958/59;C99 Ruy Lopez, Closed, Chigorin, 12...cd
177. R Byrne vs Fischer;;½-½;28;1959;United States Championship 1958/59;E62 King's Indian, Fianchetto
178. Fischer vs J Emma;;½-½;46;1959;Mar del Plata;B00 Uncommon King's Pawn Opening
179. L A Sanchez vs Fischer;;½-½;41;1959;Mar del Plata;E93 King's Indian, Petrosian System
180. Fischer vs Pachman;;0-1;56;1959;Mar del Plata;C75 Ruy Lopez, Modern Steinitz Defense
181. J de Souza Mendes vs Fischer;;0-1;38;1959;Mar del Plata;E80 King's Indian, Samisch Variation
182. Fischer vs Letelier;;0-1;61;1959;Mar del Plata;C97 Ruy Lopez, Closed, Chigorin
183. R A Redolfi vs Fischer;;0-1;40;1959;Mar del Plata;B52 Sicilian, Canal-Sokolsky (Rossolimo) Attack
184. Fischer vs R Shocron;;1-0;40;1959;Mar del Plata;C97 Ruy Lopez, Closed, Chigorin
185. Najdorf vs Fischer;;½-½;35;1959;Mar del Plata;E62 King's Indian, Fianchetto
186. Fischer vs R Sanguineti;;1-0;68;1959;Mar del Plata;C97 Ruy Lopez, Closed, Chigorin
187. Pilnik vs Fischer;;0-1;40;1959;Mar del Plata;B92 Sicilian, Najdorf, Opocensky Variation
188. Fischer vs H Rossetto;;1-0;37;1959;Mar del Plata;B41 Sicilian, Kan
189. B Wexler vs Fischer;;0-1;38;1959;Mar del Plata;E61 King's Indian
190. Fischer vs J Bolbochan;;1-0;50;1959;Mar del Plata;B45 Sicilian, Taimanov
191. Ivkov vs Fischer;;½-½;53;1959;Mar del Plata;E80 King's Indian, Samisch Variation
192. Fischer vs L A Sanchez;;1-0;53;1959;Santiago;C92 Ruy Lopez, Closed
193. J de Souza Mendes vs Fischer;;0-1;76;1959;Santiago;E80 King's Indian, Samisch Variation
194. Fischer vs Ivkov;;0-1;52;1959;Santiago;C16 French, Winawer
195. R Sanguineti vs Fischer;;1-0;55;1959;Santiago;E80 King's Indian, Samisch Variation
196. Fischer vs M S Grunberg;;1-0;35;1959;Santiago;C76 Ruy Lopez, Modern Steinitz Defense, Fianchetto Variation
197. Pachman vs Fischer;;1-0;40;1959;Santiago;E10 Queen's Pawn Game
198. Fischer vs Letelier;;1-0;39;1959;Santiago;C97 Ruy Lopez, Closed, Chigorin
199. J Salas Romo vs Fischer;;0-1;66;1959;Santiago;E80 King's Indian, Samisch Variation
200. Fischer vs R Flores Alvarez;;½-½;62;1959;Santiago;C92 Ruy Lopez, Closed
201. C Jauregui vs Fischer;;1-0;40;1959;Santiago;E81 King's Indian, Samisch
202. Fischer vs Pilnik;;1-0;33;1959;Santiago;B88 Sicilian, Fischer-Sozin Attack
203. W Ader Hausman vs Fischer;;0-1;36;1959;Santiago;B99 Sicilian, Najdorf, 7...Be7 Main line
204. E Walther vs Fischer;;½-½;63;1959;Zuerich;B99 Sicilian, Najdorf, 7...Be7 Main line
205. Fischer vs E Bhend;;1-0;40;1959;Zuerich;B27 Sicilian
206. F Olafsson vs Fischer;;0-1;40;1959;Zuerich;E93 King's Indian, Petrosian System
207. Fischer vs J Kupper;;1-0;25;1959;Zuerich;B88 Sicilian, Fischer-Sozin Attack
208. M Blau vs Fischer;;½-½;23;1959;Zuerich;B52 Sicilian, Canal-Sokolsky (Rossolimo) Attack
209. Fischer vs Larsen;;½-½;92;1959;Zuerich;B11 Caro-Kann, Two Knights, 3...Bg4
210. A Dueckstein vs Fischer;;0-1;22;1959;Zuerich;B53 Sicilian
211. Fischer vs Unzicker;;1-0;65;1959;Zuerich;C97 Ruy Lopez, Closed, Chigorin
212. Barcza vs Fischer;;½-½;95;1959;Zuerich;A05 Reti Opening
213. Fischer vs E Nievergelt;;1-0;42;1959;Zuerich;B88 Sicilian, Fischer-Sozin Attack
214. Gligoric vs Fischer;;1-0;39;1959;Zuerich;B99 Sicilian, Najdorf, 7...Be7 Main line
215. Fischer vs Keres;;1-0;81;1959;Zuerich;C99 Ruy Lopez, Closed, Chigorin, 12...cd
216. J H Donner vs Fischer;;0-1;44;1959;Zuerich;E62 King's Indian, Fianchetto
217. Fischer vs D Keller;;0-1;57;1959;Zuerich;C92 Ruy Lopez, Closed
218. Tal vs Fischer;;½-½;35;1959;Zuerich;B99 Sicilian, Najdorf, 7...Be7 Main line
219. Keres vs Fischer;;0-1;53;1959;Bled-Zagreb-Belgrade Candidates;B99 Sicilian, Najdorf, 7...Be7 Main line
220. Fischer vs Petrosian;;0-1;68;1959;Bled-Zagreb-Belgrade Candidates;B11 Caro-Kann, Two Knights, 3...Bg4
221. Benko vs Fischer;;½-½;49;1959;Bled-Zagreb-Belgrade Candidates;A16 English
222. Fischer vs Gligoric;;1-0;32;1959;Bled-Zagreb-Belgrade Candidates;B56 Sicilian
223. F Olafsson vs Fischer;;1-0;45;1959;Bled-Zagreb-Belgrade Candidates;B90 Sicilian, Najdorf
224. Tal vs Fischer;;1-0;41;1959;Bled-Zagreb-Belgrade Candidates;E93 King's Indian, Petrosian System
225. Fischer vs Smyslov;;½-½;52;1959;Bled-Zagreb-Belgrade Candidates;B11 Caro-Kann, Two Knights, 3...Bg4
226. Fischer vs Keres;;0-1;30;1959;Bled-Zagreb-Belgrade Candidates;B11 Caro-Kann, Two Knights, 3...Bg4
227. Petrosian vs Fischer;;1-0;31;1959;Bled-Zagreb-Belgrade Candidates;E40 Nimzo-Indian, 4.e3
228. Fischer vs Benko;;1-0;27;1959;Bled-Zagreb-Belgrade Candidates;B57 Sicilian
229. Gligoric vs Fischer;;1-0;43;1959;Bled-Zagreb-Belgrade Candidates;B99 Sicilian, Najdorf, 7...Be7 Main line
230. Fischer vs F Olafsson;;1-0;78;1959;Bled-Zagreb-Belgrade Candidates;C75 Ruy Lopez, Modern Steinitz Defense
231. Fischer vs Tal;;0-1;33;1959;Bled-Zagreb-Belgrade Candidates;B90 Sicilian, Najdorf
232. Smyslov vs Fischer;;½-½;46;1959;Bled-Zagreb-Belgrade Candidates;B50 Sicilian
233. Keres vs Fischer;;0-1;27;1959;Bled-Zagreb-Belgrade Candidates;A48 King's Indian
234. Fischer vs Petrosian;;½-½;48;1959;Bled-Zagreb-Belgrade Candidates;B11 Caro-Kann, Two Knights, 3...Bg4
235. Benko vs Fischer;;½-½;64;1959;Bled-Zagreb-Belgrade Candidates;B90 Sicilian, Najdorf
236. Fischer vs Gligoric;;½-½;40;1959;Bled-Zagreb-Belgrade Candidates;C74 Ruy Lopez, Modern Steinitz Defense
237. F Olafsson vs Fischer;;½-½;40;1959;Bled-Zagreb-Belgrade Candidates;E60 King's Indian Defense
238. Tal vs Fischer;;1-0;34;1959;Bled-Zagreb-Belgrade Candidates;E93 King's Indian, Petrosian System
239. Fischer vs Smyslov;;0-1;48;1959;Bled-Zagreb-Belgrade Candidates;B86 Sicilian, Fischer-Sozin Attack
240. Fischer vs Keres;;0-1;55;1959;Bled-Zagreb-Belgrade Candidates;B11 Caro-Kann, Two Knights, 3...Bg4
241. Petrosian vs Fischer;;½-½;30;1959;Bled-Zagreb-Belgrade Candidates;D58 Queen's Gambit Declined, Tartakower (Makagonov-Bondarevsky) Syst
242. Fischer vs Benko;;1-0;39;1959;Bled-Zagreb-Belgrade Candidates;B11 Caro-Kann, Two Knights, 3...Bg4
243. Gligoric vs Fischer;;½-½;57;1959;Bled-Zagreb-Belgrade Candidates;B99 Sicilian, Najdorf, 7...Be7 Main line
244. Fischer vs F Olafsson;;1-0;42;1959;Bled-Zagreb-Belgrade Candidates;B10 Caro-Kann
245. Fischer vs Tal;;0-1;52;1959;Bled-Zagreb-Belgrade Candidates;B87 Sicilian, Fischer-Sozin with ...a6 and ...b5
246. Smyslov vs Fischer;;0-1;54;1959;Bled-Zagreb-Belgrade Candidates;B99 Sicilian, Najdorf, 7...Be7 Main line
247. Fischer vs Bisguier;;1-0;60;1959;United States Championship 1959/60;C42 Petrov Defense
248. R Byrne vs Fischer;;½-½;40;1959;United States Championship 1959/60;D41 Queen's Gambit Declined, Semi-Tarrasch
249. Fischer vs R Weinstein;;½-½;43;1959;United States Championship 1959/60;B11 Caro-Kann, Two Knights, 3...Bg4
250. Denker vs Fischer;;0-1;40;1959;United States Championship 1959/60;D38 Queen's Gambit Declined, Ragozin Variation
251. Fischer vs R Ault;;1-0;32;1959;United States Championship 1959/60;B07 Pirc
252. J Sherwin vs Fischer;;½-½;34;1959;United States Championship 1959/60;B99 Sicilian, Najdorf, 7...Be7 Main line
253. Fischer vs H Seidman;;1-0;17;1959;United States Championship 1959/60;B01 Scandinavian
254. Fischer vs S Bernstein;;1-0;38;1959;United States Championship 1959/60;C89 Ruy Lopez, Marshall
255. Mednis vs Fischer;;0-1;40;1959;United States Championship 1959/60;B99 Sicilian, Najdorf, 7...Be7 Main line
256. Fischer vs Benko;;1-0;69;1959;United States Championship 1959/60;B63 Sicilian, Richter-Rauzer Attack
257. Fischer vs Auner;;1-0;10;1960;Unknown;B21 Sicilian, 2.f4 and 2.d4
258. Reshevsky vs Fischer;;½-½;40;1960;United States Championship 1959/60;D41 Queen's Gambit Declined, Semi-Tarrasch
259. B Wexler vs Fischer;;0-1;40;1960;Mar del Plata;E93 King's Indian, Petrosian System
260. Spassky vs Fischer;;1-0;29;1960;Mar del Plata;C39 King's Gambit Accepted
261. Fischer vs O Gadia;;1-0;23;1960;Mar del Plata;B87 Sicilian, Fischer-Sozin with ...a6 and ...b5
262. J Saadi vs Fischer;;0-1;34;1960;Mar del Plata;A16 English
263. Fischer vs Eliskases;;1-0;44;1960;Mar del Plata;C98 Ruy Lopez, Closed, Chigorin
264. Foguelman vs Fischer;;0-1;71;1960;Mar del Plata;B54 Sicilian
265. Fischer vs F Olafsson;;1-0;42;1960;Mar del Plata;B52 Sicilian, Canal-Sokolsky (Rossolimo) Attack
266. O Bazan vs Fischer;;0-1;33;1960;Mar del Plata;D38 Queen's Gambit Declined, Ragozin Variation
267. Fischer vs C Bielicki;;1-0;38;1960;Mar del Plata;B90 Sicilian, Najdorf
268. R A Redolfi vs Fischer;;0-1;40;1960;Mar del Plata;B52 Sicilian, Canal-Sokolsky (Rossolimo) Attack
269. Fischer vs C Incutto;;1-0;52;1960;Mar del Plata;C99 Ruy Lopez, Closed, Chigorin, 12...cd
270. Bronstein vs Fischer;;½-½;65;1960;Mar del Plata;A45 Queen's Pawn Game
271. Fischer vs J L Alvarez del Monte;;1-0;37;1960;Mar del Plata;C85 Ruy Lopez, Exchange Variation Doubly Deferred (DERLD)
272. Letelier vs Fischer;;0-1;36;1960;Mar del Plata;A45 Queen's Pawn Game
273. Fischer vs L Marini;;1-0;35;1960;Mar del Plata;B56 Sicilian
274. Fischer vs Foguelman;;½-½;58;1960;Buenos Aires;B18 Caro-Kann, Classical
275. Szabo vs Fischer;;½-½;24;1960;Buenos Aires;A16 English
276. Fischer vs H Rossetto;;1-0;44;1960;Buenos Aires;B33 Sicilian
277. Fischer vs Ivkov;;½-½;60;1960;Buenos Aires;B14 Caro-Kann, Panov-Botvinnik Attack
278. Eliskases vs Fischer;;1-0;58;1960;Buenos Aires;D38 Queen's Gambit Declined, Ragozin Variation
279. Fischer vs Pachman;;½-½;24;1960;Buenos Aires;B44 Sicilian
280. B Wexler vs Fischer;;1-0;38;1960;Buenos Aires;A16 English
281. Fischer vs Uhlmann;;0-1;42;1960;Buenos Aires;C19 French, Winawer, Advance
282. Taimanov vs Fischer;;½-½;87;1960;Buenos Aires;E46 Nimzo-Indian
283. Fischer vs Reshevsky;;½-½;37;1960;Buenos Aires;B44 Sicilian
284. Unzicker vs Fischer;;1-0;22;1960;Buenos Aires;B98 Sicilian, Najdorf
285. Fischer vs F Olafsson;;½-½;43;1960;Buenos Aires;B87 Sicilian, Fischer-Sozin with ...a6 and ...b5
286. Evans vs Fischer;;½-½;23;1960;Buenos Aires;C64 Ruy Lopez, Classical
287. Fischer vs Korchnoi;;½-½;29;1960;Buenos Aires;B21 Sicilian, 2.f4 and 2.d4
288. C Guimard vs Fischer;;0-1;58;1960;Buenos Aires;A48 King's Indian
289. Fischer vs O Bazan;;½-½;35;1960;Buenos Aires;B44 Sicilian
290. Gligoric vs Fischer;;½-½;20;1960;Buenos Aires;C64 Ruy Lopez, Classical
291. Fischer vs R G Wade;;1-0;45;1960;Buenos Aires;C92 Ruy Lopez, Closed
292. Benko vs Fischer;;1-0;27;1960;Buenos Aires;E62 King's Indian, Fianchetto
293. Fischer vs Pedro Galarraga;;0-1;32;1960;Simul, 47b;B77 Sicilian, Dragon, Yugoslav Attack
294. Fischer vs I Johannsson;;1-0;41;1960;Reykjavik;C75 Ruy Lopez, Modern Steinitz Defense
295. A Gudmundsson vs Fischer;;0-1;27;1960;Reykjavik;D95 Grunfeld
296. Fischer vs F Olafsson;;1-0;42;1960;Reykjavik;B92 Sicilian, Najdorf, Opocensky Variation
297. F Thorbergsson vs Fischer;;½-½;26;1960;Reykjavik;E58 Nimzo-Indian, 4.e3, Main line with 8...Bxc3
298. Ghitescu vs Fischer;;0-1;14;1960;Leipzig Olympiad qual-4;E46 Nimzo-Indian
299. Fischer vs C Munoz;;0-1;36;1960;Leipzig Olympiad qual-4;B77 Sicilian, Dragon, Yugoslav Attack
300. E Jimenez Zerquera vs Fischer;;½-½;30;1960;Leipzig Olympiad qual-4;C64 Ruy Lopez, Classical
301. O'Kelly vs Fischer;;½-½;20;1960;Leipzig Olympiad qual-4;B99 Sicilian, Najdorf, 7...Be7 Main line
302. F J Perez Perez vs Fischer;;0-1;50;1960;Leipzig Olympiad qual-4;B53 Sicilian
303. Letelier vs Fischer;;0-1;23;1960;Leipzig Olympiad qual-4;E70 King's Indian
304. Fischer vs Unzicker;;1-0;55;1960;Leipzig Olympiad qual-4;C96 Ruy Lopez, Closed
305. Fischer vs Ghitescu;;1-0;43;1960;Leipzig Olympiad Final-A;B92 Sicilian, Najdorf, Opocensky Variation
306. J Penrose vs Fischer;;½-½;35;1960;Leipzig Olympiad Final-A;B93 Sicilian, Najdorf, 6.f4
307. Fischer vs Bobotsov;;1-0;35;1960;Leipzig Olympiad Final-A;C92 Ruy Lopez, Closed
308. Gligoric vs Fischer;;1-0;33;1960;Leipzig Olympiad Final-A;E46 Nimzo-Indian
309. Fischer vs Tal;;½-½;21;1960;Leipzig Olympiad Final-A;C18 French, Winawer
310. Szabo vs Fischer;;0-1;24;1960;Leipzig Olympiad Final-A;E70 King's Indian
311. Fischer vs Euwe;;1-0;36;1960;Leipzig Olympiad Final-A;B13 Caro-Kann, Exchange
312. Fischer vs Najdorf;;½-½;59;1960;Leipzig Olympiad Final-A;B81 Sicilian, Scheveningen, Keres Attack
313. Unzicker vs Fischer;;½-½;17;1960;Leipzig Olympiad Final-A;C64 Ruy Lopez, Classical
314. Fischer vs Pachman;;1-0;43;1960;Leipzig Olympiad Final-A;C11 French
315. Uhlmann vs Fischer;;0-1;43;1960;Leipzig Olympiad Final-A;E79 King's Indian, Four Pawns Attack, Main line
316. Fischer vs K Darga;;1-0;30;1960;USA - FRG m;C19 French, Winawer, Advance
317. Fischer vs R Weinstein;;1-0;33;1960;United States Championship 1960/61;C19 French, Winawer, Advance
318. Lombardy vs Fischer;;0-1;43;1960;United States Championship 1960/61;B54 Sicilian
319. Fischer vs C Kalme;;½-½;27;1960;United States Championship 1960/61;C92 Ruy Lopez, Closed
320. Reshevsky vs Fischer;;½-½;24;1960;United States Championship 1960/61;E97 King's Indian
321. Fischer vs H Berliner;;1-0;36;1960;United States Championship 1960/61;B03 Alekhine's Defense
322. Fischer vs H Seidman;;1-0;36;1960;United States Championship 1960/61;C89 Ruy Lopez, Marshall
323. R Byrne vs Fischer;;½-½;24;1960;United States Championship 1960/61;E62 King's Indian, Fianchetto
324. Fischer vs J Sherwin;;1-0;40;1960;United States Championship 1960/61;C19 French, Winawer, Advance
325. A Saidy vs Fischer;;0-1;59;1960;United States Championship 1960/61;E46 Nimzo-Indian
326. Fischer vs Benko;;½-½;12;1961;United States Championship 1960/61;B36 Sicilian, Accelerated Fianchetto
327. Bisguier vs Fischer;;0-1;41;1961;United States Championship 1960/61;E61 King's Indian
328. Fischer vs K Hense;;½-½;42;1961;Simul, 50b;C75 Ruy Lopez, Modern Steinitz Defense
329. Fischer vs R W Moore;;0-1;26;1961;Simul, 50b;B95 Sicilian, Najdorf, 6...e6
330. Reshevsky vs Fischer;;1-0;60;1961;Fischer - Reshevsky;E97 King's Indian
331. Fischer vs Reshevsky;;1-0;38;1961;Fischer - Reshevsky;B32 Sicilian
332. Reshevsky vs Fischer;;½-½;25;1961;Fischer - Reshevsky;E40 Nimzo-Indian, 4.e3
333. Fischer vs Reshevsky;;½-½;42;1961;Fischer - Reshevsky;B32 Sicilian
334. Reshevsky vs Fischer;;0-1;57;1961;Fischer - Reshevsky;D42 Queen's Gambit Declined, Semi-Tarrasch, 7.Bd3
335. Fischer vs Reshevsky;;½-½;25;1961;Fischer - Reshevsky;B32 Sicilian
336. Reshevsky vs Fischer;;1-0;28;1961;Fischer - Reshevsky;E51 Nimzo-Indian, 4.e3
337. Fischer vs Reshevsky;;½-½;79;1961;Fischer - Reshevsky;B36 Sicilian, Accelerated Fianchetto
338. Reshevsky vs Fischer;;½-½;52;1961;Fischer - Reshevsky;E97 King's Indian
339. Fischer vs Reshevsky;;½-½;40;1961;Fischer - Reshevsky;B36 Sicilian, Accelerated Fianchetto
340. Reshevsky vs Fischer;;½-½;57;1961;Fischer - Reshevsky;E98 King's Indian, Orthodox, Taimanov, 9.Ne1
341. Gligoric vs Fischer;;½-½;33;1961;Bled;E98 King's Indian, Orthodox, Taimanov, 9.Ne1
342. Fischer vs Tal;;1-0;47;1961;Bled;B47 Sicilian, Taimanov (Bastrikov) Variation
343. J H Donner vs Fischer;;½-½;38;1961;Bled;E60 King's Indian Defense
344. Fischer vs F Olafsson;;1-0;38;1961;Bled;B27 Sicilian
345. Parma vs Fischer;;½-½;39;1961;Bled;B97 Sicilian, Najdorf
346. Fischer vs Geller;;1-0;22;1961;Bled;C72 Ruy Lopez, Modern Steinitz Defense, 5.O-O
347. K Darga vs Fischer;;½-½;18;1961;Bled;E62 King's Indian, Fianchetto
348. Fischer vs A Matanovic;;½-½;57;1961;Bled;C97 Ruy Lopez, Closed, Chigorin
349. Bisguier vs Fischer;;0-1;47;1961;Bled;D42 Queen's Gambit Declined, Semi-Tarrasch, 7.Bd3
350. Fischer vs M Bertok;;1-0;44;1961;Bled;B32 Sicilian
351. M Germek vs Fischer;;½-½;38;1961;Bled;E70 King's Indian
352. Fischer vs P Trifunovic;;1-0;73;1961;Bled;C80 Ruy Lopez, Open
353. Pachman vs Fischer;;½-½;28;1961;Bled;E62 King's Indian, Fianchetto
354. Fischer vs M Udovcic;;½-½;40;1961;Bled;B09 Pirc, Austrian Attack
355. Portisch vs Fischer;;0-1;47;1961;Bled;D38 Queen's Gambit Declined, Ragozin Variation
356. Fischer vs Keres;;½-½;56;1961;Bled;B11 Caro-Kann, Two Knights, 3...Bg4
357. Najdorf vs Fischer;;½-½;23;1961;Bled;E81 King's Indian, Samisch
358. Fischer vs Petrosian;;1-0;36;1961;Bled;B17 Caro-Kann, Steinitz Variation
359. Ivkov vs Fischer;;½-½;65;1961;Bled;D35 Queen's Gambit Declined
360. Teschner vs Fischer;;½-½;41;1962;Stockholm Interzonal;E92 King's Indian
361. Fischer vs Benko;;½-½;56;1962;Stockholm Interzonal;B32 Sicilian
362. M Aaron vs Fischer;;0-1;29;1962;Stockholm Interzonal;E81 King's Indian, Samisch
363. Fischer vs Portisch;;1-0;68;1962;Stockholm Interzonal;B10 Caro-Kann
364. I Bilek vs Fischer;;0-1;27;1962;Stockholm Interzonal;B97 Sicilian, Najdorf
365. Fischer vs Barcza;;1-0;64;1962;Stockholm Interzonal;B10 Caro-Kann
366. Bisguier vs Fischer;;0-1;54;1962;Stockholm Interzonal;B22 Sicilian, Alapin
367. Fischer vs A Pomar Salamanca;;½-½;77;1962;Stockholm Interzonal;B29 Sicilian, Nimzovich-Rubinstein
368. Gligoric vs Fischer;;½-½;81;1962;Stockholm Interzonal;E92 King's Indian
369. Fischer vs S Schweber;;1-0;42;1962;Stockholm Interzonal;B92 Sicilian, Najdorf, Opocensky Variation
370. Yanofsky vs Fischer;;0-1;112;1962;Stockholm Interzonal;B92 Sicilian, Najdorf, Opocensky Variation
371. Fischer vs E German;;1-0;30;1962;Stockholm Interzonal;C43 Petrov, Modern Attack
372. M Cuellar Gacharna vs Fischer;;0-1;37;1962;Stockholm Interzonal;E62 King's Indian, Fianchetto
373. Fischer vs F Olafsson;;1-0;33;1962;Stockholm Interzonal;B88 Sicilian, Fischer-Sozin Attack
374. Stein vs Fischer;;½-½;26;1962;Stockholm Interzonal;D35 Queen's Gambit Declined
375. Fischer vs Petrosian;;½-½;40;1962;Stockholm Interzonal;C11 French
376. Geller vs Fischer;;½-½;52;1962;Stockholm Interzonal;B92 Sicilian, Najdorf, Opocensky Variation
377. Fischer vs Korchnoi;;1-0;44;1962;Stockholm Interzonal;C91 Ruy Lopez, Closed
378. Filip vs Fischer;;½-½;24;1962;Stockholm Interzonal;A49 King's Indian, Fianchetto without c4
379. Fischer vs Bolbochan;;1-0;37;1962;Stockholm Interzonal;B90 Sicilian, Najdorf
380. M Bertok vs Fischer;;0-1;31;1962;Stockholm Interzonal;D59 Queen's Gambit Declined, Tartakower
381. Fischer vs Uhlmann;;½-½;32;1962;Stockholm Interzonal;C19 French, Winawer, Advance
382. Larsen vs Fischer;;0-1;47;1962;Exhibition game;A02 Bird's Opening
383. Fischer vs A Jensen;;½-½;27;1962;Simul, 41b;C75 Ruy Lopez, Modern Steinitz Defense
384. Fischer vs K B Schou;;0-1;26;1962;Simul, 41b;C51 Evans Gambit
385. Fischer vs J Hvenekilde;;½-½;44;1962;Simul, 41b;A04 Reti Opening
386. Fischer vs S Nordfjord;;0-1;35;1962;Simul, 41b;A07 King's Indian Attack
387. Fischer vs O Buch;;1-0;39;1962;Simul, 41b;E73 King's Indian
388. Fischer vs E Poulsen;;0-1;29;1962;Simul, 41b;C63 Ruy Lopez, Schliemann Defense
389. Fischer vs O I Truelsen;;0-1;21;1962;Simul, 41b;C14 French, Classical
390. Fischer vs P V Henriksen;;1-0;48;1962;Simul, 41b;B32 Sicilian
391. Benko vs Fischer;;1-0;40;1962;Curacao Candidates;B07 Pirc
392. Geller vs Fischer;;1-0;40;1962;Curacao Candidates;B92 Sicilian, Najdorf, Opocensky Variation
393. Fischer vs Filip;;1-0;66;1962;Curacao Candidates;C98 Ruy Lopez, Closed, Chigorin
394. Tal vs Fischer;;½-½;58;1962;Curacao Candidates;B92 Sicilian, Najdorf, Opocensky Variation
395. Fischer vs Korchnoi;;0-1;33;1962;Curacao Candidates;B09 Pirc, Austrian Attack
396. Petrosian vs Fischer;;½-½;25;1962;Curacao Candidates;E84 King's Indian, Samisch, Panno Main line
397. Fischer vs Keres;;1-0;41;1962;Curacao Candidates;C96 Ruy Lopez, Closed
398. Fischer vs Benko;;1-0;39;1962;Curacao Candidates;C11 French
399. Fischer vs Geller;;0-1;68;1962;Curacao Candidates;B88 Sicilian, Fischer-Sozin Attack
400. Filip vs Fischer;;½-½;44;1962;Curacao Candidates;E21 Nimzo-Indian, Three Knights
401. Fischer vs Tal;;1-0;63;1962;Curacao Candidates;B32 Sicilian
402. Korchnoi vs Fischer;;0-1;44;1962;Curacao Candidates;E62 King's Indian, Fianchetto
403. Fischer vs Petrosian;;0-1;43;1962;Curacao Candidates;C12 French, McCutcheon
404. Keres vs Fischer;;½-½;77;1962;Curacao Candidates;B20 Sicilian
405. Benko vs Fischer;;½-½;56;1962;Curacao Candidates;A00 Uncommon Opening
406. Geller vs Fischer;;½-½;45;1962;Curacao Candidates;B92 Sicilian, Najdorf, Opocensky Variation
407. Fischer vs Filip;;1-0;42;1962;Curacao Candidates;C76 Ruy Lopez, Modern Steinitz Defense, Fianchetto Variation
408. Tal vs Fischer;;½-½;29;1962;Curacao Candidates;C64 Ruy Lopez, Classical
409. Fischer vs Korchnoi;;0-1;45;1962;Curacao Candidates;B89 Sicilian
410. Petrosian vs Fischer;;½-½;23;1962;Curacao Candidates;D50 Queen's Gambit Declined
411. Fischer vs Keres;;0-1;73;1962;Curacao Candidates;C96 Ruy Lopez, Closed
412. Fischer vs Benko;;1-0;31;1962;Curacao Candidates;C11 French
413. Fischer vs Geller;;1-0;43;1962;Curacao Candidates;B88 Sicilian, Fischer-Sozin Attack
414. Filip vs Fischer;;½-½;23;1962;Curacao Candidates;D59 Queen's Gambit Declined, Tartakower
415. Korchnoi vs Fischer;;½-½;41;1962;Curacao Candidates;A05 Reti Opening
416. Fischer vs Petrosian;;½-½;35;1962;Curacao Candidates;B47 Sicilian, Taimanov (Bastrikov) Variation
417. Keres vs Fischer;;½-½;30;1962;Curacao Candidates;D37 Queen's Gambit Declined
418. Sliwa vs Fischer;;0-1;34;1962;Poland - USA m;D36 Queen's Gambit Declined, Exchange, Positional line, 6.Qc2
419. Fischer vs S Purevzhav;;1-0;22;1962;Varna Olympiad qual-2;B77 Sicilian, Dragon, Yugoslav Attack
420. Fischer vs N Padevsky;;½-½;34;1962;Varna Olympiad qual-2;C19 French, Winawer, Advance
421. M Blau vs Fischer;;0-1;40;1962;Varna Olympiad qual-2;B53 Sicilian
422. Fischer vs I Aloni;;1-0;39;1962;Varna Olympiad qual-2;C11 French
423. Fischer vs V Ciocaltea;;1-0;26;1962;Varna Olympiad qual-2;C75 Ruy Lopez, Modern Steinitz Defense
424. D Rivera vs Fischer;;0-1;16;1962;Varna Olympiad qual-2;E40 Nimzo-Indian, 4.e3
425. Uhlmann vs Fischer;;½-½;19;1962;Varna Olympiad Final-A;E79 King's Indian, Four Pawns Attack, Main line
426. Fischer vs Najdorf;;1-0;24;1962;Varna Olympiad Final-A;B90 Sicilian, Najdorf
427. Filip vs Fischer;;½-½;46;1962;Varna Olympiad Final-A;E60 King's Indian Defense
428. Fischer vs Robatsch;;1-0;20;1962;Varna Olympiad Final-A;B01 Scandinavian
429. V Ciocaltea vs Fischer;;1-0;69;1962;Varna Olympiad Final-A;A07 King's Indian Attack
430. Fischer vs J H Donner;;0-1;45;1962;Varna Olympiad Final-A;B18 Caro-Kann, Classical
431. Unzicker vs Fischer;;0-1;26;1962;Varna Olympiad Final-A;B92 Sicilian, Najdorf, Opocensky Variation
432. N Padevsky vs Fischer;;½-½;20;1962;Varna Olympiad Final-A;B23 Sicilian, Closed
433. Fischer vs Portisch;;½-½;41;1962;Varna Olympiad Final-A;B41 Sicilian, Kan
434. Botvinnik vs Fischer;;½-½;68;1962;Varna Olympiad Final-A;D98 Grunfeld, Russian
435. Fischer vs Gligoric;;0-1;44;1962;Varna Olympiad Final-A;B91 Sicilian, Najdorf, Zagreb (Fianchetto) Variation
436. Fischer vs Mednis;;0-1;73;1962;US Championship;C18 French, Winawer
437. Rossolimo vs Fischer;;½-½;41;1962;US Championship;B52 Sicilian, Canal-Sokolsky (Rossolimo) Attack
438. Fischer vs H Berliner;;1-0;45;1962;US Championship;B03 Alekhine's Defense
439. Evans vs Fischer;;½-½;33;1962;US Championship;D98 Grunfeld, Russian
440. Fischer vs Reshevsky;;1-0;54;1962;US Championship;B90 Sicilian, Najdorf
441. Benko vs Fischer;;½-½;19;1962;US Championship;D79 Neo-Grunfeld, 6.O-O, Main line
442. Fischer vs W Addison;;1-0;46;1962;US Championship;B45 Sicilian, Taimanov
443. R H Steinmeyer vs Fischer;;0-1;41;1962;US Championship;D73 Neo-Grunfeld, 5.Nf3
444. Fischer vs J Sherwin;;1-0;29;1962;US Championship;B29 Sicilian, Nimzovich-Rubinstein
445. R Byrne vs Fischer;;½-½;30;1962;US Championship;E60 King's Indian Defense
446. Fine vs Fischer;;0-1;28;1963;New York;E40 Nimzo-Indian, 4.e3
447. Fischer vs Benko;;1-0;51;1963;New York blitz;B17 Caro-Kann, Steinitz Variation
448. Fischer vs S Reuben;;1-0;23;1963;Manhattan blitz;B32 Sicilian
449. Fine vs Fischer;;1-0;34;1963;Blitz, New York (USA);D83 Grunfeld, Grunfeld Gambit
450. Fischer vs Fine;;1-0;10;1963;Blitz, New York (USA);C41 Philidor Defense
451. Fine vs Fischer;;1-0;34;1963;Blitz, New York (USA);D83 Grunfeld, Grunfeld Gambit
452. Fine vs Fischer;;0-1;28;1963;New York;E40 Nimzo-Indian, 4.e3
453. Fischer vs R Burger;;½-½;15;1963;SMX San Francisco;C33 King's Gambit Accepted
454. Fischer vs Bisguier;;1-0;37;1963;US Championship;C67 Ruy Lopez
455. Fine vs Fischer;;0-1;19;1963;New York;B87 Sicilian, Fischer-Sozin with ...a6 and ...b5
456. Fischer vs Fine;;1-0;17;1963;New York;C52 Evans Gambit
457. A Reinhard vs Fischer;;0-1;24;1963;Western Open;A07 King's Indian Attack
458. Fischer vs J Fuller;;1-0;19;1963;Western Open;C67 Ruy Lopez
459. P Poschel vs Fischer;;½-½;27;1963;Western Open;A19 English, Mikenas-Carls, Sicilian Variation
460. Fischer vs N Leopoldi;;1-0;29;1963;Western Open;B32 Sicilian
461. Fischer vs D Byrne;;1-0;46;1963;Western Open;B77 Sicilian, Dragon, Yugoslav Attack
462. Bisguier vs Fischer;;0-1;36;1963;Western Open;E61 King's Indian
463. H Berliner vs Fischer;;0-1;53;1963;Western Open;D35 Queen's Gambit Declined
464. R Oster vs Fischer;;0-1;34;1963;New York State Open;D97 Grunfeld, Russian
465. Fischer vs W Beach;;1-0;24;1963;New York State Open;A00 Uncommon Opening
466. B Greenwald vs Fischer;;0-1;29;1963;New York State Open;D86 Grunfeld, Exchange
467. J Richman vs Fischer;;0-1;28;1963;New York State Open;C68 Ruy Lopez, Exchange
468. Fischer vs M Green;;1-0;35;1963;New York State Open;B42 Sicilian, Kan
469. Fischer vs Bisguier;;1-0;29;1963;New York State Open;C59 Two Knights
470. Fischer vs M Radojcic;;1-0;15;1963;New York State Open;C59 Two Knights
471. Mednis vs Fischer;;0-1;62;1963;US Championship 1963/64;C54 Giuoco Piano
472. Fischer vs Evans;;1-0;36;1963;US Championship 1963/64;C33 King's Gambit Accepted
473. R Byrne vs Fischer;;0-1;21;1963;US Championship 1963/64;E60 King's Indian Defense
474. Fischer vs Bisguier;;1-0;35;1963;US Championship 1963/64;C98 Ruy Lopez, Closed, Chigorin
475. Reshevsky vs Fischer;;0-1;47;1963;US Championship 1963/64;A33 English, Symmetrical
476. Fischer vs R H Steinmeyer;;1-0;17;1963;US Championship 1963/64;B18 Caro-Kann, Classical
477. W Addison vs Fischer;;0-1;38;1963;US Championship 1963/64;C70 Ruy Lopez
478. Fischer vs R Weinstein;;1-0;36;1963;US Championship 1963/64;C96 Ruy Lopez, Closed
479. D Byrne vs Fischer;;0-1;46;1963;US Championship 1963/64;A07 King's Indian Attack
480. Fischer vs Benko;;1-0;21;1963;US Championship 1963/64;B09 Pirc, Austrian Attack
481. Fischer vs M Shifrin;;1-0;37;1964;Simul;C28 Vienna Game
482. Fischer vs R Burger;;0-1;14;1964;Analysis;C57 Two Knights
483. A Saidy vs Fischer;;0-1;56;1964;US Championship 1963/64;A33 English, Symmetrical
484. Fischer vs J Jones;;1-0;8;1964;Simul, 51b;C30 King's Gambit Declined
485. Fischer vs J Richburg;;1-0;34;1964;Simul, 51b;A07 King's Indian Attack
486. Fischer vs H Kord;;0-1;45;1964;Simul, 51b;C19 French, Winawer, Advance
487. Fischer vs J Witeczek;;1-0;62;1964;Simul, 51b;C36 King's Gambit Accepted, Abbazia Defense
488. Fischer vs G Grant;;0-1;30;1964;Simul, 75b;C11 French
489. Fischer vs D Reithel;;½-½;62;1964;Simul, 75b;B90 Sicilian, Najdorf
490. Fischer vs J Rubens;;1-0;23;1964;Simul, 40b;C15 French, Winawer
491. R Lunenfeld vs Fischer;;0-1;50;1964;Simul, 40b;B57 Sicilian
492. Fischer vs J K MacDonald;;1-0;39;1964;Simul, 55b;B93 Sicilian, Najdorf, 6.f4
493. Fischer vs G Jobin;;1-0;36;1964;Simul, 55b;C26 Vienna
494. Fischer vs I Zalys;;0-1;30;1964;Simul, 55b;C33 King's Gambit Accepted
495. Fischer vs P De Gruchy;;1-0;47;1964;Simul, 55b;B18 Caro-Kann, Classical
496. Fischer vs D Allan;;1-0;21;1964;Clock simul, 10b;C57 Two Knights
497. Fischer vs NN;;1-0;8;1964;Clock simul, 10b;C57 Two Knights
498. Fischer vs W Oaker;;1-0;41;1964;Clock simul, 10b;C51 Evans Gambit
499. Fischer vs A Bilodeau;;1-0;47;1964;Simul, 48b;C31 King's Gambit Declined, Falkbeer Counter Gambit
500. Fischer vs J Guay;;1-0;38;1964;Simul, 48b;C27 Vienna Game
501. Fischer vs J Guay;;1-0;38;1964;Simul, 48b;C27 Vienna Game
502. Fischer vs M Lister;;0-1;29;1964;Simul, 50b;B81 Sicilian, Scheveningen, Keres Attack
503. Fischer vs S King;;0-1;24;1964;Simul, 47b;B89 Sicilian
504. Fischer vs R Barry;;1-0;46;1964;Simul, 47b;B03 Alekhine's Defense
505. Fischer vs T Schuch;;1-0;25;1964;Simul, 47b;B00 Uncommon King's Pawn Opening
506. Fischer vs S Brandwein;;½-½;37;1964;Simul, 56b;C59 Two Knights
507. Fischer vs C Barber;;0-1;26;1964;Simul, 56b;C18 French, Winawer
508. Fischer vs H Dondis;;0-1;19;1964;Simul, 56b;C23 Bishop's Opening
509. Fischer vs E Martin;;0-1;37;1964;Simul, 56b;C18 French, Winawer
510. Fischer vs L Noderer;;0-1;31;1964;Simul, 55b;C19 French, Winawer, Advance
511. Fischer vs J C Owen;;1-0;38;1964;Simul, 55b;B10 Caro-Kann
512. Fischer vs I Pierce;;½-½;34;1964;Simul, 55b;B88 Sicilian, Fischer-Sozin Attack
513. Fischer vs J Platz;;0-1;37;1964;Simul, 55b;C18 French, Winawer
514. Fischer vs S Mathews;;0-1;28;1964;Simul, 50b;B76 Sicilian, Dragon, Yugoslav Attack
515. Fischer vs J Hughes;;1-0;32;1964;Simul, 50b;C19 French, Winawer, Advance
516. Fischer vs C Powell;;0-1;21;1964;Simul, 50b;C18 French, Winawer
517. Fischer vs D Mathews;;0-1;23;1964;Simul, 65b;C34 King's Gambit Accepted
518. Fischer vs M Smith;;0-1;28;1964;Simul, 65b;C30 King's Gambit Declined
519. Fischer vs NN;;1-0;9;1964;Simul, 65b;B56 Sicilian
520. Fischer vs D Collins;;1-0;40;1964;Simul, 65b;B18 Caro-Kann, Classical
521. Fischer vs J Evans;;½-½;32;1964;Simul, 65b;B90 Sicilian, Najdorf
522. Fischer vs L Hucks;;0-1;21;1964;Simul, 65b;B42 Sicilian, Kan
523. Fischer vs A Sivitz;;½-½;48;1964;Simul, 53b;B90 Sicilian, Najdorf
524. Fischer vs T Ellison;;1-0;28;1964;Simul, 51b;C11 French
525. Fischer vs J Gloger;;1-0;17;1964;Simul, 51b;A00 Uncommon Opening
526. Fischer vs Z Kuberczyk;;1-0;45;1964;Simul, 51b;B32 Sicilian
527. Fischer vs H Mobley;;1-0;37;1964;Simul, 51b;B18 Caro-Kann, Classical
528. Fischer vs D Zaas;;1-0;51;1964;Simul, 51b;B10 Caro-Kann
529. Fischer vs J Gloger;;1-0;17;1964;Simul, 51b;A00 Uncommon Opening
530. Fischer vs B Costaras;;1-0;35;1964;Simul, 51b;B32 Sicilian
531. Fischer vs W Dillard;;0-1;29;1964;Simul, 55b;C51 Evans Gambit
532. Fischer vs R Underhill;;0-1;31;1964;Simul, 55b;C30 King's Gambit Declined
533. Fischer vs R Blaine;;1-0;32;1964;Simul, 55b;C10 French
534. Fischer vs W Fink;;½-½;34;1964;Simul, 55b;C92 Ruy Lopez, Closed
535. Fischer vs W Fulk;;½-½;33;1964;Simul, 71b;C17 French, Winawer, Advance
536. Fischer vs K O Mott-Smith;;1-0;57;1964;Simul, 71b;C34 King's Gambit Accepted
537. Fischer vs A Sandrin;;1-0;23;1964;Simul, 71b;C33 King's Gambit Accepted
538. Fischer vs K Gasser;;1-0;35;1964;Simul, 71b;B90 Sicilian, Najdorf
539. Fischer vs G Dibert;;0-1;39;1964;Simul, 71b;C19 French, Winawer, Advance
540. Fischer vs B Sax;;0-1;40;1964;Simul, 71b;C51 Evans Gambit
541. Fischer vs A LoCoco;;1-0;28;1964;Simul, 71b;C52 Evans Gambit
542. Fischer vs S Silverman;;½-½;37;1964;Simul, 71b;C12 French, McCutcheon
543. Fischer vs L Manter;;½-½;55;1964;Simul, 71b;C26 Vienna
544. Fischer vs J Warren;;½-½;67;1964;Simul, 71b;B89 Sicilian
545. Fischer vs S Crown;;½-½;49;1964;Simul, 71b;C44 King's Pawn Game
546. Fischer vs J G Sullivan;;½-½;48;1964;Simul, 71b;B44 Sicilian
547. Fischer vs C Garwin;;½-½;55;1964;Simul, 54b;C51 Evans Gambit
548. Fischer vs F Gruenberg;;1-0;23;1964;Simul, 54b;C57 Two Knights
549. Fischer vs F Panzer;;1-0;24;1964;Simul, 54b;C51 Evans Gambit
550. Fischer vs T Rouse;;1-0;18;1964;Simul, 54b;C57 Two Knights
551. Fischer vs R Sugerman;;1-0;12;1964;Simul, 54b;C52 Evans Gambit
552. Fischer vs G Thornell;;0-1;38;1964;Simul, 54b;B02 Alekhine's Defense
553. Fischer vs W Wagenhals;;½-½;43;1964;Simul, 54b;B09 Pirc, Austrian Attack
554. Fischer vs P Wolf;;½-½;51;1964;Simul, 54b;A43 Old Benoni
555. Fischer vs G Kral;;½-½;54;1964;Simul, 54b;C10 French
556. Fischer vs L Redman;;1-0;10;1964;Simul, 54b;C57 Two Knights
557. Fischer vs J Kuhn;;1-0;12;1964;Simul, 54b;C57 Two Knights
558. Fischer vs N Goncharoff;;0-1;38;1964;Simul, 54b;B32 Sicilian
559. Fischer vs F Parham;;0-1;36;1964;Simul, 75b;C52 Evans Gambit
560. Fischer vs F Chavez;;0-1;27;1964;Simul, 75b;B33 Sicilian
561. Fischer vs A M Lockett Jr.;;1-0;54;1964;Simul, 75b;B06 Robatsch
562. Fischer vs D Levin;;0-1;39;1964;Simul, 75b;B90 Sicilian, Najdorf
563. Fischer vs A K Hale;;½-½;37;1964;Simul, 57b;B17 Caro-Kann, Steinitz Variation
564. Fischer vs S Moffit;;1-0;19;1964;Simul, 57b;B18 Caro-Kann, Classical
565. Fischer vs C H Bone;;1-0;22;1964;Simul, 57b;B54 Sicilian
566. Fischer vs C Bell;;1-0;22;1964;Simul, 57b;C60 Ruy Lopez
567. Fischer vs W A Bills;;1-0;51;1964;Simul, 57b;C11 French
568. Fischer vs J Boatner;;1-0;10;1964;Simul, 57b;C51 Evans Gambit
569. Fischer vs R Brieger;;1-0;61;1964;Simul, 57b;B00 Uncommon King's Pawn Opening
570. Fischer vs R Chalker;;1-0;11;1964;Simul, 57b;C43 Petrov, Modern Attack
571. Fischer vs K Chaney;;1-0;9;1964;Simul, 57b;C41 Philidor Defense
572. Fischer vs T Cunningham;;1-0;45;1964;Simul, 57b;C33 King's Gambit Accepted
573. Fischer vs B G Dudley;;1-0;34;1964;Simul, 57b;B81 Sicilian, Scheveningen, Keres Attack
574. Fischer vs D Gould;;1-0;38;1964;Simul, 57b;C58 Two Knights
575. Fischer vs C Heising;;1-0;47;1964;Simul, 57b;C70 Ruy Lopez
576. Fischer vs S Jacobs;;1-0;34;1964;Simul, 57b;B75 Sicilian, Dragon, Yugoslav Attack
577. Fischer vs J Kelley;;1-0;27;1964;Simul, 57b;B93 Sicilian, Najdorf, 6.f4
578. Fischer vs E Longcobe;;1-0;22;1964;Simul, 57b;C41 Philidor Defense
579. Fischer vs Lynch;;1-0;39;1964;Simul, 57b;B09 Pirc, Austrian Attack
580. Fischer vs R F McGregor;;½-½;26;1964;Simul, 57b;C20 King's Pawn Game
581. Fischer vs Michalopoulos;;1-0;15;1964;Simul, 57b;C30 King's Gambit Declined
582. Fischer vs J Nuchold;;1-0;22;1964;Simul, 57b;C26 Vienna
583. Fischer vs B Patteson;;1-0;41;1964;Simul, 57b;B00 Uncommon King's Pawn Opening
584. Fischer vs Peil;;1-0;30;1964;Simul, 57b;C52 Evans Gambit
585. Fischer vs J Plaster;;1-0;29;1964;Simul, 57b;C14 French, Classical
586. Fischer vs A D Schmid;;1-0;37;1964;Simul, 57b;C43 Petrov, Modern Attack
587. Fischer vs G Smith;;1-0;28;1964;Simul, 57b;C31 King's Gambit Declined, Falkbeer Counter Gambit
588. Fischer vs G Staight;;1-0;10;1964;Simul, 57b;C30 King's Gambit Declined
589. Fischer vs R Carbonell;;0-1;25;1964;Simul, 57b;C52 Evans Gambit
590. Fischer vs N Ermidis;;1-0;40;1964;Simul, 57b;C28 Vienna Game
591. Fischer vs C B Jones;;0-1;28;1964;Simul, 57b;B29 Sicilian, Nimzovich-Rubinstein
592. Fischer vs E Travis;;1-0;21;1964;Simul, 57b;C78 Ruy Lopez
593. Fischer vs E Bone;;0-1;21;1964;Simul, 57b;C13 French
594. Fischer vs Limoh;;1-0;18;1964;Simul, 57b;B32 Sicilian
595. Fischer vs J F Hurt;;1-0;43;1964;Simul, 36b;C15 French, Winawer
596. Fischer vs R Long;;1-0;19;1964;Simul, 36b;B46 Sicilian, Taimanov Variation
597. Fischer vs L H Weaks;;1-0;37;1964;Simul, 36b;B11 Caro-Kann, Two Knights, 3...Bg4
598. Fischer vs G D Berry;;1-0;25;1964;Simul, 36b;C43 Petrov, Modern Attack
599. Fischer vs M Bedford;;1-0;25;1964;Simul;B06 Robatsch
600. Fischer vs D LaPierre Ballard;;0-1;34;1964;Simul, 40b;B32 Sicilian
601. Fischer vs Mechem;;1-0;41;1964;Simul, 40b;B03 Alekhine's Defense
602. Fischer vs Bill McLaughlin;;1-0;45;1964;Simul, 40b;C58 Two Knights
603. Fischer vs Munzlinger;;1-0;26;1964;Simul, 40b;B32 Sicilian
604. Fischer vs Self;;1-0;34;1964;Simul, 40b;C13 French
605. Fischer vs Travis;;1-0;39;1964;Simul, 40b;C51 Evans Gambit
606. Fischer vs Wilson;;1-0;23;1964;Simul, 40b;C13 French
607. Fischer vs R Hart;;½-½;44;1964;Simul, 40b;B03 Alekhine's Defense
608. Fischer vs Aker;;1-0;20;1964;Simul, 40b;B90 Sicilian, Najdorf
609. Fischer vs Briggs;;1-0;35;1964;Simul, 40b;C60 Ruy Lopez
610. Fischer vs K Carson;;1-0;45;1964;Simul, 40b;C29 Vienna Gambit
611. Fischer vs R Peters;;1-0;41;1964;Simul, 40b;C31 King's Gambit Declined, Falkbeer Counter Gambit
612. Fischer vs Dockery;;1-0;27;1964;Simul, 40b;C18 French, Winawer
613. Fischer vs K Isely;;1-0;12;1964;Simul, 40b;B32 Sicilian
614. Fischer vs Q Isely;;1-0;32;1964;Simul, 40b;B32 Sicilian
615. Fischer vs Edgington;;1-0;29;1964;Simul, 40b;C30 King's Gambit Declined
616. Fischer vs Greer;;1-0;31;1964;Simul, 40b;C30 King's Gambit Declined
617. Fischer vs Fusco;;1-0;40;1964;Simul, 40b;C16 French, Winawer
618. Fischer vs Heckathorn;;1-0;27;1964;Simul, 40b;C57 Two Knights
619. Fischer vs T Hartwell;;1-0;42;1964;Simul, 63b;B77 Sicilian, Dragon, Yugoslav Attack
620. Fischer vs S Hunt;;½-½;55;1964;Simul, 63b;B63 Sicilian, Richter-Rauzer Attack
621. Fischer vs A Sacks;;½-½;42;1964;Simul, 50b;B90 Sicilian, Najdorf
622. Fischer vs D Rogosin;;0-1;26;1964;Simul, 50b;B90 Sicilian, Najdorf
623. Fischer vs H Gross;;½-½;33;1964;Simul, 50b;C29 Vienna Gambit
624. Fischer vs K Walters;;1-0;37;1964;Simul, 50b;A00 Uncommon Opening
625. Fischer vs M Wilkerson;;0-1;30;1964;Simul, 50b;B13 Caro-Kann, Exchange
626. Fischer vs G Kane;;½-½;44;1964;Simul, 50b;B01 Scandinavian
627. Fischer vs J Blackstone;;1-0;26;1964;Simul, 50b;B44 Sicilian
628. Fischer vs R Henry / R Thacker;;0-1;31;1964;Simul, 50b;C57 Two Knights
629. Fischer vs A Benson;;1-0;22;1964;Simul, 50b;B11 Caro-Kann, Two Knights, 3...Bg4
630. Fischer vs R Burger;;0-1;12;1964;Simul, 50b;C57 Two Knights
631. Fischer vs Michael Morris;;½-½;46;1964;Simul, 50b;C10 French
632. Fischer vs M Sanders;;0-1;23;1964;Simul, 50b;B18 Caro-Kann, Classical
633. Fischer vs C Singleton;;½-½;53;1964;Simul, 50b;B27 Sicilian
634. Fischer vs S Rubin;;1-0;39;1964;Simul, 50b;B01 Scandinavian
635. Fischer vs M Holgerson;;0-1;22;1964;Simul, 50b;C29 Vienna Gambit
636. Fischer vs G Flynn;;½-½;38;1964;Simul, 50b;B06 Robatsch
637. Fischer vs J Blackstone;;1-0;38;1964;Clock simul, 10b;B90 Sicilian, Najdorf
638. Fischer vs R Hoppe;;1-0;33;1964;Clock simul, 10b;C16 French, Winawer
639. Fischer vs A Janushkowsky;;1-0;29;1964;Clock simul, 10b;C52 Evans Gambit
640. Fischer vs E McCaskey;;1-0;52;1964;Clock simul, 10b;B03 Alekhine's Defense
641. Fischer vs E Osbun;;1-0;45;1964;Clock simul, 10b;C52 Evans Gambit
642. Fischer vs S Rubin;;1-0;34;1964;Clock simul, 10b;B14 Caro-Kann, Panov-Botvinnik Attack
643. Fischer vs M Shifrine;;1-0;37;1964;Clock simul, 10b;C28 Vienna Game
644. Fischer vs S Van Oettingen;;1-0;31;1964;Clock simul, 10b;B13 Caro-Kann, Exchange
645. Fischer vs M Wilkerson;;1-0;17;1964;Clock simul, 10b;B56 Sicilian
646. Fischer vs O Celle;;1-0;27;1964;Clock simul, 10b;C51 Evans Gambit
647. Fischer vs B Allen;;0-1;25;1964;Simul, 52b;B57 Sicilian
648. Fischer vs C Clement;;½-½;27;1964;Simul, 50b;C19 French, Winawer, Advance
649. Fischer vs J House;;0-1;41;1964;Simul, 50b;C26 Vienna
650. Fischer vs R E Neustaedter;;½-½;42;1964;Simul, 50b;B90 Sicilian, Najdorf
651. Fischer vs J Hunt;;1-0;34;1964;Simul, 50b;B90 Sicilian, Najdorf
652. Fischer vs W Korst;;0-1;40;1964;Simul, 50b;B56 Sicilian
653. Fischer vs W Koehler;;0-1;31;1964;Simul, 55b;B84 Sicilian, Scheveningen
654. Fischer vs Mike Haskins;;½-½;42;1964;Simul, 55b;C16 French, Winawer
655. Fischer vs B Kraft;;1-0;43;1964;Simul, 55b;B03 Alekhine's Defense
656. Fischer vs J Wallace;;1-0;44;1964;Simul, 32b;C16 French, Winawer
657. Fischer vs J J Reid;;½-½;30;1964;Simul, 32b;C41 Philidor Defense
658. Fischer vs Jack Winters;;½-½;36;1964;Simul, 43b;C52 Evans Gambit
659. Fischer vs A Koppany;;½-½;44;1964;Simul, 73b;B09 Pirc, Austrian Attack
660. Fischer vs R Nickel;;1-0;15;1964;Simul, 73b;C40 King's Knight Opening
661. Fischer vs A J Killian;;1-0;22;1964;Simul, 73b;C26 Vienna
662. Fischer vs H McFarland;;1-0;34;1964;Simul, 73b;C51 Evans Gambit
663. Fischer vs A Kahn;;1-0;37;1964;Simul, 73b;C19 French, Winawer, Advance
664. Fischer vs N Canter;;0-1;35;1964;Simul, 73b;C31 King's Gambit Declined, Falkbeer Counter Gambit
665. Fischer vs R Codman;;0-1;23;1964;Simul, 53b;C00 French Defense
666. Fischer vs K Pransky;;1-0;16;1964;Simul, 53b;C18 French, Winawer
667. Fischer vs W Gale;;1-0;32;1964;Simul, 53b;C13 French
668. Fischer vs H Meifert;;½-½;42;1964;Simul, 57b;B28 Sicilian, O'Kelly Variation
669. Fischer vs J Zvers;;½-½;33;1964;Simul, 57b;C41 Philidor Defense
670. Fischer vs J Dedinsky;;0-1;17;1964;Simul, 57b;C19 French, Winawer, Advance
671. Fischer vs D Dubois;;½-½;24;1964;Simul, 58b;B14 Caro-Kann, Panov-Botvinnik Attack
672. Fischer vs R Snuske;;1-0;17;1964;Simul, 58b;C57 Two Knights
673. Fischer vs W Murdock;;1-0;22;1964;Simul, 58b;B32 Sicilian
674. Fischer vs T Richardson;;1-0;58;1964;Simul, 58b;B42 Sicilian, Kan
675. Fischer vs N Burns;;½-½;37;1964;Simul, 58b;C12 French, McCutcheon
676. Fischer vs J O'Keefe;;½-½;36;1964;Simul, 58b;B32 Sicilian
677. Fischer vs D Thackrey;;1-0;36;1964;Simul, 58b;B32 Sicilian
678. Fischer vs D Reynolds;;1-0;65;1964;Simul, 58b;B90 Sicilian, Najdorf
679. Fischer vs W J Lutes;;½-½;42;1964;Simul, 50b;B01 Scandinavian
680. Fischer vs E Lense;;½-½;32;1964;Simul, 50b;B03 Alekhine's Defense
681. Fischer vs T Mantia;;1-0;40;1964;Simul, 50b;B18 Caro-Kann, Classical
682. Fischer vs Arturs Zageris;;1-0;34;1964;Simul, 50b;B03 Alekhine's Defense
683. Fischer vs W Kaufer;;1-0;23;1964;Simul, 50b;C13 French
684. Fischer vs J Bikulcius;;½-½;39;1964;Simul, 50b;C16 French, Winawer
685. Fischer vs T De Parry;;½-½;43;1964;Simul, 50b;C16 French, Winawer
686. Fischer vs J Fajkus;;1-0;20;1964;Simul, 50b;C27 Vienna Game
687. Fischer vs W Goranson;;1-0;35;1964;Simul, 50b;C26 Vienna
688. Fischer vs D C Kumro;;1-0;30;1964;Simul, 50b;C28 Vienna Game
689. Fischer vs W A Nyman;;1-0;16;1964;Simul, 50b;C33 King's Gambit Accepted
690. Fischer vs E Puto;;0-1;21;1964;Simul, 50b;C27 Vienna Game
691. Fischer vs A Sandrin;;1-0;38;1964;Simul, 50b;C41 Philidor Defense
692. Fischer vs K Sillars / L Manter;;1-0;20;1964;Simul, 50b;B90 Sicilian, Najdorf
693. Fischer vs G Kral;;1-0;35;1964;Simul, 50b;C10 French
694. Fischer vs J Warren;;½-½;34;1964;Simul, 50b;B89 Sicilian
695. Fischer vs G Bookout;;1-0;37;1964;Simul, 50b;B11 Caro-Kann, Two Knights, 3...Bg4
696. Fischer vs M McDermott;;1-0;17;1964;Simul, 34b;C26 Vienna
697. Fischer vs J Terrone;;1-0;17;1964;Simul, 34b;C87 Ruy Lopez
698. Fischer vs E Westing;;1-0;48;1964;Simul, 34b;B18 Caro-Kann, Classical
699. Fischer vs S Morrison;;1-0;41;1964;Simul, 34b;C23 Bishop's Opening
700. Fischer vs F Rummel;;1-0;16;1964;Simul, 34b;B29 Sicilian, Nimzovich-Rubinstein
701. Fischer vs A Kahn;;1-0;28;1964;Simul, 50b;C19 French, Winawer, Advance
702. Fischer vs L Loayza;;0-1;23;1965;Simul, 26b;B18 Caro-Kann, Classical
703. Fischer vs G Martinez;;1-0;38;1965;Simul, 26b;C00 French Defense
704. Fischer vs F Snitzer;;½-½;44;1965;Simul, 26b;C78 Ruy Lopez
705. Fischer vs E Zhukov;;½-½;28;1965;Simul, 26b;C10 French
706. H Lehmann vs Fischer;;0-1;32;1965;Havana;B84 Sicilian, Scheveningen
707. Fischer vs Smyslov;;1-0;43;1965;Havana;C77 Ruy Lopez
708. V Ciocaltea vs Fischer;;½-½;48;1965;Havana;B03 Alekhine's Defense
709. Fischer vs O'Kelly;;½-½;54;1965;Havana;C89 Ruy Lopez, Marshall
710. G Tringov vs Fischer;;0-1;22;1965;Havana;B97 Sicilian, Najdorf
711. Fischer vs R G Wade;;½-½;69;1965;Havana;C89 Ruy Lopez, Marshall
712. Parma vs Fischer;;½-½;34;1965;Havana;B97 Sicilian, Najdorf
713. Fischer vs Szabo;;1-0;36;1965;Havana;C92 Ruy Lopez, Closed
714. G Garcia vs Fischer;;0-1;52;1965;Havana;D85 Grunfeld
715. Robatsch vs Fischer;;0-1;33;1965;Havana;B90 Sicilian, Najdorf
716. Fischer vs Ivkov;;0-1;53;1965;Havana;C96 Ruy Lopez, Closed
717. Fischer vs I Bilek;;1-0;40;1965;Havana;C11 French
718. Pachman vs Fischer;;½-½;40;1965;Havana;E66 King's Indian, Fianchetto, Yugoslav Panno
719. Fischer vs E Cobo Arteaga;;1-0;39;1965;Havana;B35 Sicilian, Accelerated Fianchetto, Modern Variation with Bc4
720. E Jimenez Zerquera vs Fischer;;½-½;50;1965;Havana;E82 King's Indian, Samisch, double Fianchetto Variation
721. Fischer vs J H Donner;;1-0;35;1965;Havana;C89 Ruy Lopez, Marshall
722. Geller vs Fischer;;1-0;57;1965;Havana;E80 King's Indian, Samisch Variation
723. Fischer vs Kholmov;;0-1;46;1965;Havana;C98 Ruy Lopez, Closed, Chigorin
724. Z Doda vs Fischer;;0-1;36;1965;Havana;A04 Reti Opening
725. Fischer vs F J Perez Perez;;1-0;25;1965;Havana;B09 Pirc, Austrian Attack
726. W Pietzsch vs Fischer;;0-1;24;1965;Havana;E67 King's Indian, Fianchetto
727. W Addison vs Fischer;;½-½;59;1965;United States Championship;E45 Nimzo-Indian, 4.e3, Bronstein (Byrne) Variation
728. Fischer vs Suttles;;1-0;37;1965;United States Championship;B06 Robatsch
729. Evans vs Fischer;;0-1;55;1965;United States Championship;E45 Nimzo-Indian, 4.e3, Bronstein (Byrne) Variation
730. Fischer vs Benko;;1-0;37;1965;United States Championship;C95 Ruy Lopez, Closed, Breyer
731. Bisguier vs Fischer;;0-1;41;1965;United States Championship;A48 King's Indian
732. Fischer vs B Zuckerman;;1-0;56;1965;United States Championship;B87 Sicilian, Fischer-Sozin with ...a6 and ...b5
733. A Saidy vs Fischer;;0-1;38;1965;United States Championship;E45 Nimzo-Indian, 4.e3, Bronstein (Byrne) Variation
734. Fischer vs R Byrne;;0-1;36;1965;United States Championship;C03 French, Tarrasch
735. Reshevsky vs Fischer;;1-0;61;1965;United States Championship;E43 Nimzo-Indian, Fischer Variation
736. Fischer vs Rossolimo;;1-0;32;1965;United States Championship;C12 French, McCutcheon
737. K Burger vs Fischer;;0-1;45;1965;United States Championship;A10 English
738. Fischer vs Larsen;;1-0;19;1966;Santa Monica blitz;B04 Alekhine's Defense, Modern
739. Reshevsky vs Fischer;;½-½;42;1966;Second Piatigorsky Cup;E92 King's Indian
740. Fischer vs Portisch;;½-½;71;1966;Second Piatigorsky Cup;C95 Ruy Lopez, Closed, Breyer
741. Ivkov vs Fischer;;0-1;42;1966;Second Piatigorsky Cup;A49 King's Indian, Fianchetto without c4
742. Fischer vs J H Donner;;½-½;34;1966;Second Piatigorsky Cup;C89 Ruy Lopez, Marshall
743. Unzicker vs Fischer;;½-½;77;1966;Second Piatigorsky Cup;B92 Sicilian, Najdorf, Opocensky Variation
744. Fischer vs Larsen;;0-1;30;1966;Second Piatigorsky Cup;C82 Ruy Lopez, Open
745. Najdorf vs Fischer;;1-0;31;1966;Second Piatigorsky Cup;E75 King's Indian, Averbakh, Main line
746. Spassky vs Fischer;;1-0;50;1966;Second Piatigorsky Cup;D86 Grunfeld, Exchange
747. Fischer vs Petrosian;;½-½;40;1966;Second Piatigorsky Cup;B48 Sicilian, Taimanov Variation
748. Fischer vs Reshevsky;;1-0;38;1966;Second Piatigorsky Cup;C92 Ruy Lopez, Closed
749. Portisch vs Fischer;;0-1;35;1966;Second Piatigorsky Cup;E45 Nimzo-Indian, 4.e3, Bronstein (Byrne) Variation
750. Fischer vs Ivkov;;1-0;29;1966;Second Piatigorsky Cup;A07 King's Indian Attack
751. J H Donner vs Fischer;;0-1;28;1966;Second Piatigorsky Cup;E67 King's Indian, Fianchetto
752. Fischer vs Unzicker;;½-½;63;1966;Second Piatigorsky Cup;C83 Ruy Lopez, Open
753. Larsen vs Fischer;;0-1;43;1966;Second Piatigorsky Cup;E75 King's Indian, Averbakh, Main line
754. Fischer vs Najdorf;;1-0;47;1966;Second Piatigorsky Cup;B44 Sicilian
755. Fischer vs Spassky;;½-½;35;1966;Second Piatigorsky Cup;C89 Ruy Lopez, Marshall
756. Petrosian vs Fischer;;½-½;28;1966;Second Piatigorsky Cup;E62 King's Indian, Fianchetto
757. O Yepez Obando vs Fischer;;0-1;41;1966;Havana Olympiad qual-3;E91 King's Indian
758. Fischer vs J Durao;;1-0;46;1966;Havana Olympiad qual-3;A07 King's Indian Attack
759. Fischer vs J Bednarski;;1-0;22;1966;Havana Olympiad qual-3;B90 Sicilian, Najdorf
760. J G Soruco vs Fischer;;0-1;21;1966;Havana Olympiad qual-3;B87 Sicilian, Fischer-Sozin with ...a6 and ...b5
761. Fischer vs S Johannessen;;1-0;36;1966;Havana Olympiad qual-3;C70 Ruy Lopez
762. A Pomar Salamanca vs Fischer;;0-1;41;1966;Havana Olympiad Final-A;A69 Benoni, Four Pawns Attack, Main line
763. Fischer vs F Olafsson;;1-0;37;1966;Havana Olympiad Final-A;C83 Ruy Lopez, Open
764. Uhlmann vs Fischer;;½-½;75;1966;Havana Olympiad Final-A;E90 King's Indian
765. Fischer vs Portisch;;1-0;34;1966;Havana Olympiad Final-A;C69 Ruy Lopez, Exchange, Gligoric Variation
766. S Johannessen vs Fischer;;0-1;26;1966;Havana Olympiad Final-A;A57 Benko Gambit
767. Fischer vs Gligoric;;1-0;25;1966;Havana Olympiad Final-A;C69 Ruy Lopez, Exchange, Gligoric Variation
768. Najdorf vs Fischer;;0-1;53;1966;Havana Olympiad Final-A;A79 Benoni, Classical, 11.f3
769. Fischer vs N Minev;;1-0;34;1966;Havana Olympiad Final-A;C11 French
770. Fischer vs Spassky;;½-½;57;1966;Havana Olympiad Final-A;C93 Ruy Lopez, Closed, Smyslov Defense
771. Pachman vs Fischer;;0-1;43;1966;Havana Olympiad Final-A;A32 English, Symmetrical Variation
772. Gheorghiu vs Fischer;;1-0;50;1966;Havana Olympiad Final-A;E20 Nimzo-Indian
773. Fischer vs E Jimenez Zerquera;;1-0;31;1966;Havana Olympiad Final-A;C69 Ruy Lopez, Exchange, Gligoric Variation
774. Benko vs Fischer;;0-1;42;1966;United States Championship 1966/67;A00 Uncommon Opening
775. Fischer vs A Saidy;;1-0;40;1966;United States Championship 1966/67;B57 Sicilian
776. Rossolimo vs Fischer;;0-1;70;1966;United States Championship 1966/67;B90 Sicilian, Najdorf
777. Fischer vs R Byrne;;½-½;31;1966;United States Championship 1966/67;C15 French, Winawer
778. D Byrne vs Fischer;;0-1;44;1966;United States Championship 1966/67;A10 English
779. Fischer vs B Zuckerman;;1-0;36;1966;United States Championship 1966/67;B35 Sicilian, Accelerated Fianchetto, Modern Variation with Bc4
780. Evans vs Fischer;;½-½;51;1966;United States Championship 1966/67;A15 English
781. Fischer vs W Addison;;½-½;31;1966;United States Championship 1966/67;C80 Ruy Lopez, Open
782. J Sherwin vs Fischer;;0-1;100;1966;United States Championship 1966/67;E69 King's Indian, Fianchetto, Classical Main line
783. Fischer vs Reshevsky;;1-0;43;1966;United States Championship 1966/67;B81 Sicilian, Scheveningen, Keres Attack
784. Fischer vs G Badilles;;1-0;35;1967;Meralco;B44 Sicilian
785. Fischer vs R Lontoc;;1-0;31;1967;Meralco;B90 Sicilian, Najdorf
786. Fischer vs R Naranja;;1-0;32;1967;Meralco;B23 Sicilian, Closed
787. Fischer vs J Pascual;;1-0;28;1967;Exhibition game;B89 Sicilian
788. Fischer vs M Vister;;1-0;29;1967;Meralco;B10 Caro-Kann
789. R Bandal vs Fischer;;0-1;43;1967;Meralco;A60 Benoni Defense
790. R Reyes vs Fischer;;0-1;33;1967;Meralco;B95 Sicilian, Najdorf, 6...e6
791. Fischer vs R Rodriguez;;1-0;28;1967;MERALCO - Beat Bobby Fischer Contest;A07 King's Indian Attack
792. Bisguier vs Fischer;;0-1;74;1967;United States Championship 1966/67;B50 Sicilian
793. Lombardy vs Fischer;;0-1;54;1967;Monte Carlo;A15 English
794. Fischer vs Forintos;;1-0;47;1967;Monte Carlo;C95 Ruy Lopez, Closed, Breyer
795. G Mazzoni vs Fischer;;0-1;45;1967;Monte Carlo;B97 Sicilian, Najdorf
796. Fischer vs V Bergraser;;1-0;30;1967;Monte Carlo;B01 Scandinavian
797. Larsen vs Fischer;;0-1;61;1967;Monte Carlo;E97 King's Indian
798. A Matanovic vs Fischer;;½-½;43;1967;Monte Carlo;B91 Sicilian, Najdorf, Zagreb (Fianchetto) Variation
799. R C Balinas vs Fischer;;½-½;39;1967;Meralco match series;B91 Sicilian, Najdorf, Zagreb (Fianchetto) Variation
800. Fischer vs Smyslov;;½-½;40;1967;Monte Carlo;C69 Ruy Lopez, Exchange, Gligoric Variation
801. Gligoric vs Fischer;;0-1;57;1967;Monte Carlo;E92 King's Indian
802. Fischer vs Geller;;0-1;25;1967;Monte Carlo;B97 Sicilian, Najdorf
803. Fischer vs E Bukic;;1-0;54;1967;Skopje;B81 Sicilian, Scheveningen, Keres Attack
804. Fischer vs Matulovic;;1-0;41;1967;Skopje;B47 Sicilian, Taimanov (Bastrikov) Variation
805. K Danov vs Fischer;;0-1;37;1967;Skopje;A04 Reti Opening
806. B Ilievski vs Fischer;;½-½;33;1967;Skopje;D78 Neo-Grunfeld, 6.O-O c6
807. M Knezevic vs Fischer;;½-½;47;1967;Skopje;B52 Sicilian, Canal-Sokolsky (Rossolimo) Attack
808. D Minic vs Fischer;;0-1;55;1967;Skopje;B96 Sicilian, Najdorf
809. Fischer vs Geller;;0-1;23;1967;Skopje;B89 Sicilian
810. Damjanovic vs Fischer;;0-1;43;1967;Skopje;B90 Sicilian, Najdorf
811. Fischer vs P Dely;;1-0;17;1967;Skopje;B88 Sicilian, Fischer-Sozin Attack
812. Fischer vs V Panov;;1-0;30;1967;Skopje;B10 Caro-Kann
813. Maric vs Fischer;;0-1;47;1967;Skopje;A02 Bird's Opening
814. Fischer vs L Popov;;½-½;40;1967;Skopje;A07 King's Indian Attack
815. Janosevic vs Fischer;;1-0;69;1967;Skopje;B93 Sicilian, Najdorf, 6.f4
816. R Nicevski vs Fischer;;0-1;35;1967;Skopje;B93 Sicilian, Najdorf, 6.f4
817. Fischer vs B Soos;;1-0;39;1967;Skopje;B43 Sicilian, Kan, 5.Nc3
818. Kholmov vs Fischer;;0-1;32;1967;Skopje;A49 King's Indian, Fianchetto without c4
819. Fischer vs J Sofrevski;;1-0;19;1967;Skopje;B88 Sicilian, Fischer-Sozin Attack
820. Fischer vs Myagmarsuren;;1-0;31;1967;Sousse Interzonal;A07 King's Indian Attack
821. Fischer vs Barczay;;1-0;24;1967;Sousse Interzonal;C95 Ruy Lopez, Closed, Breyer
822. Portisch vs Fischer;;½-½;46;1967;Sousse Interzonal;E69 King's Indian, Fianchetto, Classical Main line
823. Fischer vs O Sarapu;;1-0;29;1967;Sousse Interzonal;C11 French
824. Kavalek vs Fischer;;½-½;28;1967;Sousse Interzonal;B97 Sicilian, Najdorf
825. M Cuellar Gacharna vs Fischer;;0-1;41;1967;Sousse Interzonal;A71 Benoni, Classical, 8.Bg5
826. Fischer vs Stein;;1-0;56;1967;Sousse Interzonal;C92 Ruy Lopez, Closed
827. Fischer vs Reshevsky;;1-0;46;1967;Sousse Interzonal;C93 Ruy Lopez, Closed, Smyslov Defense
828. Korchnoi vs Fischer;;½-½;50;1967;Sousse Interzonal;A30 English, Symmetrical
829. R Byrne vs Fischer;;0-1;28;1967;Sousse Interzonal;B87 Sicilian, Fischer-Sozin with ...a6 and ...b5
830. Fischer vs S Hamann;;1-0;32;1968;Netanya;B88 Sicilian, Fischer-Sozin Attack
831. Kraidman vs Fischer;;½-½;80;1968;Netanya;A79 Benoni, Classical, 11.f3
832. Fischer vs M Czerniak;;1-0;47;1968;Netanya;B13 Caro-Kann, Exchange
833. O Troianescu vs Fischer;;0-1;41;1968;Netanya;B99 Sicilian, Najdorf, 7...Be7 Main line
834. Fischer vs S Kagan;;1-0;34;1968;Netanya;B11 Caro-Kann, Two Knights, 3...Bg4
835. Y Porat vs Fischer;;½-½;64;1968;Netanya;E62 King's Indian, Fianchetto
836. Fischer vs Ree;;1-0;25;1968;Netanya;C81 Ruy Lopez, Open, Howell Attack
837. Y Bernstein vs Fischer;;0-1;25;1968;Netanya;B25 Sicilian, Closed
838. Fischer vs Z Domnitz;;1-0;23;1968;Netanya;B09 Pirc, Austrian Attack
839. V Ciocaltea vs Fischer;;0-1;31;1968;Netanya;B99 Sicilian, Najdorf, 7...Be7 Main line
840. Fischer vs U Geller;;1-0;32;1968;Netanya;A07 King's Indian Attack
841. Fischer vs Yanofsky;;½-½;46;1968;Netanya;B14 Caro-Kann, Panov-Botvinnik Attack
842. Fischer vs A Anastasopoulos;;1-0;30;1968;Clock simul, 5b;C69 Ruy Lopez, Exchange, Gligoric Variation
843. Fischer vs N Ornithopoulos;;1-0;48;1968;Clock simul, 5b;B45 Sicilian, Taimanov
844. Fischer vs G Trikaliotis;;½-½;50;1968;Clock simul, 5b;B30 Sicilian
845. H Kokkoris vs Fischer;;0-1;45;1968;Clock simul, 5b;B95 Sicilian, Najdorf, 6...e6
846. L Vizantiadis vs Fischer;;0-1;36;1968;Clock simul, 5b;D40 Queen's Gambit Declined, Semi-Tarrasch
847. I Aloni vs Fischer;;0-1;44;1968;Netanya;E43 Nimzo-Indian, Fischer Variation
848. Fischer vs R G Wade;;1-0;38;1968;Vinkovci;C30 King's Gambit Declined
849. Fischer vs I Jovanovic;;1-0;23;1968;Vinkovci;B09 Pirc, Austrian Attack
850. Matulovic vs Fischer;;0-1;40;1968;Vinkovci;B91 Sicilian, Najdorf, Zagreb (Fianchetto) Variation
851. Fischer vs Hort;;½-½;56;1968;Vinkovci;B13 Caro-Kann, Exchange
852. Ivkov vs Fischer;;0-1;75;1968;Vinkovci;A32 English, Symmetrical Variation
853. Fischer vs D Minic;;1-0;24;1968;Vinkovci;C33 King's Gambit Accepted
854. M Matov vs Fischer;;0-1;20;1968;Vinkovci;B98 Sicilian, Najdorf
855. Fischer vs A Matanovic;;1-0;44;1968;Vinkovci;C92 Ruy Lopez, Closed
856. E Nikolic vs Fischer;;0-1;31;1968;Vinkovci;A10 English
857. Fischer vs Robatsch;;½-½;57;1968;Vinkovci;C95 Ruy Lopez, Closed, Breyer
858. D Byrne vs Fischer;;½-½;50;1968;Vinkovci;A00 Uncommon Opening
859. Fischer vs Gheorghiu;;½-½;83;1968;Vinkovci;C93 Ruy Lopez, Closed, Smyslov Defense
860. M Bertok vs Fischer;;0-1;41;1968;Vinkovci;A32 English, Symmetrical Variation
861. A Saidy vs Fischer;;0-1;35;1968;New York;A25 English
862. Fischer vs Petrosian;;1-0;39;1970;USSR vs. Rest of the World;B13 Caro-Kann, Exchange
863. Petrosian vs Fischer;;0-1;66;1970;USSR vs. Rest of the World;A37 English, Symmetrical
864. Fischer vs Petrosian;;½-½;32;1970;USSR vs. Rest of the World;B06 Robatsch
865. Petrosian vs Fischer;;½-½;52;1970;USSR vs. Rest of the World;D90 Grunfeld
866. Bronstein vs Fischer;;0-1;49;1970;Herceg Novi blitz;B22 Sicilian, Alapin
867. Fischer vs Bronstein;;½-½;47;1970;Herceg Novi blitz;C16 French, Winawer
868. Fischer vs Hort;;½-½;35;1970;Herceg Novi blitz;D10 Queen's Gambit Declined Slav
869. Fischer vs Ivkov;;1-0;38;1970;Herceg Novi blitz;B06 Robatsch
870. Fischer vs Korchnoi;;0-1;55;1970;Herceg Novi blitz;C19 French, Winawer, Advance
871. Fischer vs Matulovic;;1-0;33;1970;Herceg Novi blitz;C63 Ruy Lopez, Schliemann Defense
872. Fischer vs P Ostojic;;1-0;52;1970;Herceg Novi blitz;B32 Sicilian
873. Fischer vs Petrosian;;1-0;41;1970;Herceg Novi blitz;C18 French, Winawer
874. Fischer vs Reshevsky;;1-0;60;1970;Herceg Novi blitz;B40 Sicilian
875. Fischer vs Smyslov;;1-0;64;1970;Herceg Novi blitz;A02 Bird's Opening
876. Fischer vs Tal;;1-0;45;1970;Herceg Novi blitz;A00 Uncommon Opening
877. Fischer vs Uhlmann;;1-0;29;1970;Herceg Novi blitz;C15 French, Winawer
878. Hort vs Fischer;;0-1;34;1970;Herceg Novi blitz;A48 King's Indian
879. Ivkov vs Fischer;;0-1;36;1970;Herceg Novi blitz;E68 King's Indian, Fianchetto, Classical Variation, 8.e4
880. Korchnoi vs Fischer;;0-1;31;1970;Herceg Novi blitz;E97 King's Indian
881. Matulovic vs Fischer;;0-1;44;1970;Herceg Novi blitz;B97 Sicilian, Najdorf
882. P Ostojic vs Fischer;;0-1;26;1970;Herceg Novi blitz;B90 Sicilian, Najdorf
883. Petrosian vs Fischer;;0-1;42;1970;Herceg Novi blitz;E77 King's Indian
884. Reshevsky vs Fischer;;½-½;47;1970;Herceg Novi blitz;E92 King's Indian
885. Smyslov vs Fischer;;0-1;46;1970;Herceg Novi blitz;D79 Neo-Grunfeld, 6.O-O, Main line
886. Tal vs Fischer;;0-1;51;1970;Herceg Novi blitz;B50 Sicilian
887. Uhlmann vs Fischer;;½-½;26;1970;Herceg Novi blitz;E73 King's Indian
888. Parma vs Fischer;;0-1;57;1970;Rovinj / Zagreb;B97 Sicilian, Najdorf
889. Fischer vs R Nicevski;;1-0;34;1970;Rovinj / Zagreb;B43 Sicilian, Kan, 5.Nc3
890. D Minic vs Fischer;;0-1;34;1970;Rovinj / Zagreb;B99 Sicilian, Najdorf, 7...Be7 Main line
891. Fischer vs D Marovic;;1-0;48;1970;Rovinj / Zagreb;B10 Caro-Kann
892. Ivkov vs Fischer;;½-½;73;1970;Rovinj / Zagreb;D32 Queen's Gambit Declined, Tarrasch
893. Fischer vs Uhlmann;;1-0;31;1970;Rovinj / Zagreb;C15 French, Winawer
894. Ghitescu vs Fischer;;0-1;47;1970;Rovinj / Zagreb;E82 King's Indian, Samisch, double Fianchetto Variation
895. Fischer vs V Kovacevic;;0-1;30;1970;Rovinj / Zagreb;C15 French, Winawer
896. Smyslov vs Fischer;;½-½;35;1970;Rovinj / Zagreb;A07 King's Indian Attack
897. Fischer vs Gligoric;;1-0;35;1970;Rovinj / Zagreb;C93 Ruy Lopez, Closed, Smyslov Defense
898. B Kurajica vs Fischer;;0-1;35;1970;Rovinj / Zagreb;B50 Sicilian
899. Fischer vs M Udovcic;;1-0;31;1970;Rovinj / Zagreb;B06 Robatsch
900. Hort vs Fischer;;½-½;33;1970;Rovinj / Zagreb;A07 King's Indian Attack
901. Fischer vs M Bertok;;1-0;32;1970;Rovinj / Zagreb;B23 Sicilian, Closed
902. Browne vs Fischer;;½-½;98;1970;Rovinj / Zagreb;B04 Alekhine's Defense, Modern
903. Fischer vs Korchnoi;;½-½;62;1970;Rovinj / Zagreb;B88 Sicilian, Fischer-Sozin Attack
904. Petrosian vs Fischer;;½-½;44;1970;Rovinj / Zagreb;A30 English, Symmetrical
905. Fischer vs N Kostic;;0-1;11;1970;Simul, 20b;C32 King's Gambit Declined, Falkbeer Counter Gambit
906. Fischer vs Tukmakov;;1-0;26;1970;Buenos Aires;A01 Nimzovich-Larsen Attack
907. Damjanovic vs Fischer;;0-1;79;1970;Buenos Aires;A31 English, Symmetrical, Benoni Formation
908. Fischer vs Gheorghiu;;1-0;35;1970;Buenos Aires;C42 Petrov Defense
909. Fischer vs S Schweber;;1-0;47;1970;Buenos Aires;C18 French, Winawer
910. Quinteros vs Fischer;;0-1;42;1970;Buenos Aires;A10 English
911. Fischer vs O'Kelly;;1-0;36;1970;Buenos Aires;C98 Ruy Lopez, Closed, Chigorin
912. Najdorf vs Fischer;;½-½;40;1970;Buenos Aires;D41 Queen's Gambit Declined, Semi-Tarrasch
913. Fischer vs Panno;;1-0;36;1970;Buenos Aires;A07 King's Indian Attack
914. J Agdamus vs Fischer;;0-1;35;1970;Buenos Aires;A50 Queen's Pawn Game
915. Fischer vs H Rossetto;;1-0;50;1970;Buenos Aires;C99 Ruy Lopez, Closed, Chigorin, 12...cd
916. Szabo vs Fischer;;0-1;37;1970;Buenos Aires;A36 English
917. Fischer vs Bisguier;;1-0;25;1970;Buenos Aires;C78 Ruy Lopez
918. Mecking vs Fischer;;½-½;30;1970;Buenos Aires;D80 Grunfeld
919. Fischer vs J Rubinetti;;1-0;28;1970;Buenos Aires;C69 Ruy Lopez, Exchange, Gligoric Variation
920. Reshevsky vs Fischer;;½-½;41;1970;Buenos Aires;E43 Nimzo-Indian, Fischer Variation
921. Smyslov vs Fischer;;½-½;40;1970;Buenos Aires;A37 English, Symmetrical
922. Fischer vs R Garcia;;1-0;36;1970;Buenos Aires;A07 King's Indian Attack
923. Fischer vs C Garcia Palermo;;0-1;15;1970;Simul;C31 King's Gambit Declined, Falkbeer Counter Gambit
924. Y Miyasaki vs Fischer;;0-1;30;1970;Siegen Olympiad qual-3;B90 Sicilian, Najdorf
925. Fischer vs H Camara;;1-0;24;1970;Siegen Olympiad qual-3;B75 Sicilian, Dragon, Yugoslav Attack
926. A Acevedo Milan vs Fischer;;0-1;48;1970;Siegen Olympiad qual-3;A46 Queen's Pawn Game
927. Fischer vs W Hook;;1-0;28;1970;Siegen Olympiad qual-3;C18 French, Winawer
928. Fischer vs I Ibrahimoglu;;1-0;39;1970;Siegen Olympiad qual-3;A07 King's Indian Attack
929. Uhlmann vs Fischer;;½-½;42;1970;Siegen Olympiad qual-3;E73 King's Indian
930. Gheorghiu vs Fischer;;½-½;57;1970;Siegen Olympiad Final-A;E80 King's Indian, Samisch Variation
931. Fischer vs Najdorf;;1-0;48;1970;Siegen Olympiad Final-A;B42 Sicilian, Kan
932. Spassky vs Fischer;;1-0;39;1970;Siegen Olympiad Final-A;D86 Grunfeld, Exchange
933. Fischer vs Unzicker;;1-0;42;1970;Siegen Olympiad Final-A;C69 Ruy Lopez, Exchange, Gligoric Variation
934. Gligoric vs Fischer;;0-1;65;1970;Siegen Olympiad Final-A;E94 King's Indian, Orthodox
935. Fischer vs Hort;;½-½;60;1970;Siegen Olympiad Final-A;A07 King's Indian Attack
936. Portisch vs Fischer;;½-½;39;1970;Siegen Olympiad Final-A;E45 Nimzo-Indian, 4.e3, Bronstein (Byrne) Variation
937. Fischer vs Andersson;;1-0;43;1970;Exhibition game;A01 Nimzovich-Larsen Attack
938. Fischer vs F Middendorf;;1-0;23;1970;Fischer Simul, 20b Muenster;B87 Sicilian, Fischer-Sozin with ...a6 and ...b5
939. Fischer vs K Budt;;0-1;32;1970;Fischer Simul, 20b Muenster;C16 French, Winawer
940. Fischer vs G Langhanke;;0-1;36;1970;Fischer Simul, 20b Muenster;A07 King's Indian Attack
941. Fischer vs I Lentze;;0-1;58;1970;Fischer Simul, 20b Muenster;A01 Nimzovich-Larsen Attack
942. Fischer vs H Poeschel;;0-1;55;1970;Fischer Simul, 20b Muenster;C18 French, Winawer
943. Fischer vs U Nehmert;;½-½;61;1970;Fischer Simul, 20b Muenster;B31 Sicilian, Rossolimo Variation
944. W Groenegress vs Fischer;;0-1;36;1970;Fischer Simul, 20b Muenster;B23 Sicilian, Closed
945. Lothar Tochtrop vs Fischer;;0-1;50;1970;Fischer Simul, 20b Muenster;B90 Sicilian, Najdorf
946. Fischer vs Seibt;;1-0;38;1970;Fischer Simul, 20b Muenster;B15 Caro-Kann
947. Fischer vs Norbert Rauch;;1-0;44;1970;Fischer Simul, 20b Muenster;B81 Sicilian, Scheveningen, Keres Attack
948. Fischer vs Ranft;;1-0;41;1970;Fischer Simul, 20b Muenster;A36 English
949. C Mueller vs Fischer;;0-1;48;1970;Fischer Simul, 20b Muenster;A48 King's Indian
950. Michels vs Fischer;;0-1;30;1970;Fischer Simul, 20b Muenster;B90 Sicilian, Najdorf
951. Fischer vs E Kurz;;1-0;18;1970;Fischer Simul, 20b Muenster;C10 French
952. Kraemer vs Fischer;;0-1;26;1970;Fischer Simul, 20b Muenster;B92 Sicilian, Najdorf, Opocensky Variation
953. Kellmann vs Fischer;;0-1;24;1970;Fischer Simul, 20b Muenster;B90 Sicilian, Najdorf
954. W Kanonenberg vs Fischer;;0-1;23;1970;Fischer Simul, 20b Muenster;B91 Sicilian, Najdorf, Zagreb (Fianchetto) Variation
955. Fischer vs Hoppe;;1-0;25;1970;Fischer Simul, 20b Muenster;A15 English
956. Henning vs Fischer;;0-1;43;1970;Fischer Simul, 20b Muenster;A00 Uncommon Opening
957. Fischer vs Haves;;1-0;39;1970;Fischer Simul, 20b Muenster;B10 Caro-Kann
958. Fischer vs M Christoph;;0-1;64;1970;Simul, 20b;A04 Reti Opening
959. Fischer vs U Dresen;;0-1;21;1970;Simul, 20b;B62 Sicilian, Richter-Rauzer
960. Fischer vs Huebner;;½-½;44;1970;Palma de Mallorca Interzonal;A07 King's Indian Attack
961. Smyslov vs Fischer;;0-1;44;1970;Palma de Mallorca Interzonal;A36 English
962. Fischer vs W Addison;;1-0;24;1970;Palma de Mallorca Interzonal;B01 Scandinavian
963. Fischer vs Filip;;1-0;40;1970;Palma de Mallorca Interzonal;A01 Nimzovich-Larsen Attack
964. Hort vs Fischer;;0-1;73;1970;Palma de Mallorca Interzonal;B23 Sicilian, Closed
965. Reshevsky vs Fischer;;0-1;30;1970;Palma de Mallorca Interzonal;A32 English, Symmetrical Variation
966. Fischer vs Matulovic;;½-½;60;1970;Palma de Mallorca Interzonal;B31 Sicilian, Rossolimo Variation
967. R Naranja vs Fischer;;½-½;48;1970;Palma de Mallorca Interzonal;A34 English, Symmetrical
968. Fischer vs Larsen;;0-1;52;1970;Palma de Mallorca Interzonal;B88 Sicilian, Fischer-Sozin Attack
969. Portisch vs Fischer;;½-½;29;1970;Palma de Mallorca Interzonal;A70 Benoni, Classical with 7.Nf3
970. Fischer vs Polugaevsky;;½-½;38;1970;Palma de Mallorca Interzonal;A15 English
971. Geller vs Fischer;;0-1;72;1970;Palma de Mallorca Interzonal;D79 Neo-Grunfeld, 6.O-O, Main line
972. Fischer vs Ivkov;;1-0;44;1970;Palma de Mallorca Interzonal;C93 Ruy Lopez, Closed, Smyslov Defense
973. D Minic vs Fischer;;0-1;45;1970;Palma de Mallorca Interzonal;B03 Alekhine's Defense
974. Fischer vs E Jimenez Zerquera;;½-½;41;1970;Palma de Mallorca Interzonal;C87 Ruy Lopez
975. Fischer vs J R A D de Somonte;;1-0;45;1970;Simul;B90 Sicilian, Najdorf
976. Fischer vs E Peinado;;½-½;33;1970;Simul;A01 Nimzovich-Larsen Attack
977. Fischer vs J L Garcia Bachiller;;1-0;26;1970;Simul;B43 Sicilian, Kan, 5.Nc3
978. Ujtumen vs Fischer;;½-½;43;1970;Palma de Mallorca Interzonal;B03 Alekhine's Defense
979. Fischer vs J Rubinetti;;1-0;24;1970;Palma de Mallorca Interzonal;B87 Sicilian, Fischer-Sozin with ...a6 and ...b5
980. Uhlmann vs Fischer;;0-1;34;1970;Palma de Mallorca Interzonal;A65 Benoni, 6.e4
981. Fischer vs Taimanov;;1-0;58;1970;Palma de Mallorca Interzonal;B44 Sicilian
982. Suttles vs Fischer;;0-1;52;1970;Palma de Mallorca Interzonal;B03 Alekhine's Defense
983. Fischer vs Mecking;;1-0;42;1970;Palma de Mallorca Interzonal;A01 Nimzovich-Larsen Attack
984. Gligoric vs Fischer;;0-1;35;1970;Palma de Mallorca Interzonal;A77 Benoni, Classical, 9...Re8, 10.Nd2
985. Fischer vs Panno;;1-0;1;1970;Palma de Mallorca Interzonal;A10 English
986. Fischer vs E Gomez;;0-1;41;1970;Simul, 20b;E67 King's Indian, Fianchetto
987. Taimanov vs Fischer;;0-1;40;1971;Fischer - Taimanov Candidates Quarterfinal;E97 King's Indian
988. Fischer vs Taimanov;;1-0;89;1971;Fischer - Taimanov Candidates Quarterfinal;B44 Sicilian
989. Taimanov vs Fischer;;0-1;42;1971;Fischer - Taimanov Candidates Quarterfinal;E97 King's Indian
990. Fischer vs Taimanov;;1-0;71;1971;Fischer - Taimanov Candidates Quarterfinal;B47 Sicilian, Taimanov (Bastrikov) Variation
991. Taimanov vs Fischer;;0-1;47;1971;Fischer - Taimanov Candidates Quarterfinal;D80 Grunfeld
992. Fischer vs Taimanov;;1-0;43;1971;Fischer - Taimanov Candidates Quarterfinal;B44 Sicilian
993. Fischer vs Larsen;;1-0;41;1971;Fischer - Larsen Candidates Semifinal;C19 French, Winawer, Advance
994. Larsen vs Fischer;;0-1;54;1971;Fischer - Larsen Candidates Semifinal;A30 English, Symmetrical
995. Fischer vs Larsen;;1-0;41;1971;Fischer - Larsen Candidates Semifinal;B88 Sicilian, Fischer-Sozin Attack
996. Larsen vs Fischer;;0-1;33;1971;Fischer - Larsen Candidates Semifinal;E97 King's Indian
997. Fischer vs Larsen;;1-0;46;1971;Fischer - Larsen Candidates Semifinal;B88 Sicilian, Fischer-Sozin Attack
998. Larsen vs Fischer;;0-1;40;1971;Fischer - Larsen Candidates Semifinal;A02 Bird's Opening
999. Fischer vs P Brandts;;1-0;38;1971;Manhattan blitz;C98 Ruy Lopez, Closed, Chigorin
1000. Fischer vs R Byrne;;1-0;26;1971;Manhattan blitz;B57 Sicilian
1001. Fischer vs A Feuerstein;;1-0;34;1971;Manhattan blitz;A07 King's Indian Attack
1002. Fischer vs J Gore;;1-0;47;1971;Manhattan blitz;C98 Ruy Lopez, Closed, Chigorin
1003. Fischer vs G Kramer;;1-0;40;1971;Manhattan blitz;C69 Ruy Lopez, Exchange, Gligoric Variation
1004. Fischer vs Mednis;;1-0;31;1971;Manhattan blitz;C18 French, Winawer
1005. Fischer vs W Shipman;;1-0;24;1971;Manhattan blitz;C60 Ruy Lopez
1006. Fischer vs A Soltis;;1-0;25;1971;Manhattan blitz;B33 Sicilian
1007. P Brandts vs Fischer;;0-1;30;1971;Manhattan blitz;E98 King's Indian, Orthodox, Taimanov, 9.Ne1
1008. R Byrne vs Fischer;;0-1;52;1971;Manhattan blitz;B90 Sicilian, Najdorf
1009. J Gore vs Fischer;;0-1;30;1971;Manhattan blitz;B92 Sicilian, Najdorf, Opocensky Variation
1010. A Kevitz vs Fischer;;0-1;27;1971;Manhattan blitz;D93 Grunfeld, with Bf4 & e3
1011. Mednis vs Fischer;;0-1;38;1971;Manhattan blitz;B92 Sicilian, Najdorf, Opocensky Variation
1012. W Shipman vs Fischer;;½-½;86;1971;Manhattan blitz;B35 Sicilian, Accelerated Fianchetto, Modern Variation with Bc4
1013. L Levy vs Fischer;;0-1;33;1971;Manhattan blitz;B22 Sicilian, Alapin
1014. Fischer vs Petrosian;;1-0;40;1971;Fischer - Petrosian Candidates Final;B44 Sicilian
1015. Petrosian vs Fischer;;1-0;32;1971;Fischer - Petrosian Candidates Final;D82 Grunfeld, 4.Bf4
1016. Fischer vs Petrosian;;½-½;34;1971;Fischer - Petrosian Candidates Final;C11 French
1017. Petrosian vs Fischer;;½-½;20;1971;Fischer - Petrosian Candidates Final;A30 English, Symmetrical
1018. Fischer vs Petrosian;;½-½;38;1971;Fischer - Petrosian Candidates Final;C42 Petrov Defense
1019. Petrosian vs Fischer;;0-1;66;1971;Fischer - Petrosian Candidates Final;A04 Reti Opening
1020. Fischer vs Petrosian;;1-0;34;1971;Fischer - Petrosian Candidates Final;B42 Sicilian, Kan
1021. Petrosian vs Fischer;;0-1;40;1971;Fischer - Petrosian Candidates Final;D32 Queen's Gambit Declined, Tarrasch
1022. Fischer vs Petrosian;;1-0;46;1971;Fischer - Petrosian Candidates Final;C10 French
1023. Fischer vs R Padula;;1-0;55;1971;Simul;B10 Caro-Kann
1024. Fischer vs A Lujambio;;1-0;30;1971;Simul, 20b;C18 French, Winawer
1025. Fischer vs N Grillo;;1-0;41;1971;Simul, 20b;B90 Sicilian, Najdorf
1026. Fischer vs J Rubinstein;;0-1;30;1971;Simul, 20b;B88 Sicilian, Fischer-Sozin Attack
1027. Fischer vs A E Seidler;;½-½;21;1971;Simul;B33 Sicilian
1028. Fischer vs J Szmetan;;½-½;84;1971;Simul, 17b;C31 King's Gambit Declined, Falkbeer Counter Gambit
1029. Fischer vs O Weberg;;½-½;38;1971;Simul;C89 Ruy Lopez, Marshall
1030. Fischer vs O Buraschi;;½-½;32;1971;Simul, 20b;C59 Two Knights
1031. Fischer vs M M Pereyra Puebla;;1-0;43;1971;Simul;B11 Caro-Kann, Two Knights, 3...Bg4
1032. Fischer vs C A Bustos;;1-0;41;1971;Simul, 20b;B07 Pirc
1033. Fischer vs R Velarde;;½-½;35;1971;Simul;B52 Sicilian, Canal-Sokolsky (Rossolimo) Attack
1034. Spassky vs Fischer;;1-0;56;1972;Spassky - Fischer World Championship Match;E56 Nimzo-Indian, 4.e3, Main line with 7...Nc6
1035. Fischer vs Spassky;;0-1;0;1972;Spassky - Fischer World Championship Match;A00 Uncommon Opening
1036. Spassky vs Fischer;;0-1;41;1972;Spassky - Fischer World Championship Match;A61 Benoni
1037. Fischer vs Spassky;;½-½;45;1972;Spassky - Fischer World Championship Match;B88 Sicilian, Fischer-Sozin Attack
1038. Spassky vs Fischer;;0-1;27;1972;Spassky - Fischer World Championship Match;E41 Nimzo-Indian
1039. Fischer vs Spassky;;1-0;41;1972;Spassky - Fischer World Championship Match;D59 Queen's Gambit Declined, Tartakower
1040. Spassky vs Fischer;;½-½;49;1972;Spassky - Fischer World Championship Match;B97 Sicilian, Najdorf
1041. Fischer vs Spassky;;1-0;37;1972;Spassky - Fischer World Championship Match;A39 English, Symmetrical, Main line with d4
1042. Spassky vs Fischer;;½-½;29;1972;Spassky - Fischer World Championship Match;D41 Queen's Gambit Declined, Semi-Tarrasch
1043. Fischer vs Spassky;;1-0;56;1972;Spassky - Fischer World Championship Match;C95 Ruy Lopez, Closed, Breyer
1044. Spassky vs Fischer;;1-0;31;1972;Spassky - Fischer World Championship Match;B97 Sicilian, Najdorf
1045. Fischer vs Spassky;;½-½;55;1972;Spassky - Fischer World Championship Match;D55 Queen's Gambit Declined
1046. Spassky vs Fischer;;0-1;74;1972;Spassky - Fischer World Championship Match;B04 Alekhine's Defense, Modern
1047. Fischer vs Spassky;;½-½;40;1972;Spassky - Fischer World Championship Match;D37 Queen's Gambit Declined
1048. Spassky vs Fischer;;½-½;43;1972;Spassky - Fischer World Championship Match;B99 Sicilian, Najdorf, 7...Be7 Main line
1049. Fischer vs Spassky;;½-½;60;1972;Spassky - Fischer World Championship Match;C69 Ruy Lopez, Exchange, Gligoric Variation
1050. Spassky vs Fischer;;½-½;45;1972;Spassky - Fischer World Championship Match;B09 Pirc, Austrian Attack
1051. Fischer vs Spassky;;½-½;47;1972;Spassky - Fischer World Championship Match;B69 Sicilian, Richter-Rauzer Attack, 7...a6 Defense, 11.Bxf6
1052. Spassky vs Fischer;;½-½;40;1972;Spassky - Fischer World Championship Match;B05 Alekhine's Defense, Modern
1053. Fischer vs Spassky;;½-½;54;1972;Spassky - Fischer World Championship Match;B68 Sicilian, Richter-Rauzer Attack, 7...a6 Defense, 9...Be7
1054. Spassky vs Fischer;;0-1;41;1972;Spassky - Fischer World Championship Match;B46 Sicilian, Taimanov Variation
1055. Fischer vs Mac Hack VI;;1-0;21;1977;Computer Match;C33 King's Gambit Accepted
1056. Mac Hack VI vs Fischer;;0-1;39;1977;Computer Match;B92 Sicilian, Najdorf, Opocensky Variation
1057. Mac Hack VI vs Fischer;;0-1;47;1977;Computer Match;B27 Sicilian
1058. C Forbes vs Fischer;;0-1;27;1992;Casual game;A48 King's Indian
1059. Gligoric vs Fischer;;½-½;38;1992;Training Match;E97 King's Indian
1060. Gligoric vs Fischer;;0-1;43;1992;Training Match;E97 King's Indian
1061. Gligoric vs Fischer;;½-½;53;1992;Training Match;E97 King's Indian
1062. Fischer vs Gligoric;;½-½;79;1992;Training Match;C92 Ruy Lopez, Closed
1063. Fischer vs Gligoric;;1-0;58;1992;Training Match;C92 Ruy Lopez, Closed
1064. Fischer vs Gligoric;;1-0;45;1992;Training Match;A30 English, Symmetrical
1065. Gligoric vs Fischer;;1-0;43;1992;Training Match;E12 Queen's Indian
1066. Gligoric vs Fischer;;0-1;42;1992;Training Match;E12 Queen's Indian
1067. Fischer vs Gligoric;;1-0;46;1992;Training Match;C92 Ruy Lopez, Closed
1068. Fischer vs Gligoric;;1-0;39;1992;Training Match;C92 Ruy Lopez, Closed
1069. Zarkov vs Fischer;;0-1;26;1992;Blitz game;A45 Queen's Pawn Game
1070. E Torre vs Fischer;;½-½;76;1992;Training game;B22 Sicilian, Alapin
1071. Fischer vs Spassky;;1-0;50;1992;Fischer - Spassky;C95 Ruy Lopez, Closed, Breyer
1072. Spassky vs Fischer;;½-½;59;1992;Fischer - Spassky;E80 King's Indian, Samisch Variation
1073. Fischer vs Spassky;;½-½;39;1992;Fischer - Spassky;C95 Ruy Lopez, Closed, Breyer
1074. Spassky vs Fischer;;1-0;50;1992;Fischer - Spassky;D27 Queen's Gambit Accepted, Classical
1075. Fischer vs Spassky;;0-1;45;1992;Fischer - Spassky;C95 Ruy Lopez, Closed, Breyer
1076. Spassky vs Fischer;;½-½;61;1992;Fischer - Spassky;D27 Queen's Gambit Accepted, Classical
1077. Fischer vs Spassky;;1-0;44;1992;Fischer - Spassky;C90 Ruy Lopez, Closed
1078. Spassky vs Fischer;;0-1;40;1992;Fischer - Spassky;E84 King's Indian, Samisch, Panno Main line
1079. Fischer vs Spassky;;1-0;21;1992;Fischer - Spassky;C69 Ruy Lopez, Exchange, Gligoric Variation
1080. Spassky vs Fischer;;½-½;68;1992;Fischer - Spassky;E34 Nimzo-Indian, Classical, Noa Variation
1081. Fischer vs Spassky;;1-0;41;1992;Fischer - Spassky;B31 Sicilian, Rossolimo Variation
1082. Spassky vs Fischer;;1-0;54;1992;Fischer - Spassky;E83 King's Indian, Samisch
1083. Fischer vs Spassky;;½-½;45;1992;Fischer - Spassky;B31 Sicilian, Rossolimo Variation
1084. Spassky vs Fischer;;½-½;32;1992;Fischer - Spassky;D27 Queen's Gambit Accepted, Classical
1085. Fischer vs Spassky;;½-½;33;1992;Fischer - Spassky;E07 Catalan, Closed
1086. Spassky vs Fischer;;0-1;34;1992;Fischer - Spassky;A56 Benoni Defense
1087. Fischer vs Spassky;;1-0;58;1992;Fischer - Spassky;B23 Sicilian, Closed
1088. Spassky vs Fischer;;½-½;36;1992;Fischer - Spassky;D27 Queen's Gambit Accepted, Classical
1089. Fischer vs Spassky;;½-½;84;1992;Fischer - Spassky;B23 Sicilian, Closed
1090. Spassky vs Fischer;;1-0;43;1992;Fischer - Spassky;A07 King's Indian Attack
1091. Fischer vs Spassky;;1-0;67;1992;Fischer - Spassky;B44 Sicilian
1092. Spassky vs Fischer;;½-½;26;1992;Fischer - Spassky;A07 King's Indian Attack
1093. Fischer vs Spassky;;½-½;80;1992;Fischer - Spassky;B23 Sicilian, Closed
1094. Spassky vs Fischer;;½-½;39;1992;Fischer - Spassky;B20 Sicilian
1095. Fischer vs Spassky;;1-0;35;1992;Fischer - Spassky;B45 Sicilian, Taimanov
1096. Spassky vs Fischer;;1-0;58;1992;Fischer - Spassky;A57 Benko Gambit
1097. Fischer vs Spassky;;½-½;46;1992;Fischer - Spassky;C69 Ruy Lopez, Exchange, Gligoric Variation
1098. Spassky vs Fischer;;½-½;35;1992;Fischer - Spassky;E83 King's Indian, Samisch
1099. Fischer vs Spassky;;½-½;43;1992;Fischer - Spassky;C95 Ruy Lopez, Closed, Breyer
1100. Spassky vs Fischer;;0-1;27;1992;Fischer - Spassky;E83 King's Indian, Samisch
